instID,instEffectDate,instEffectEndDate,instHolderName,instTypeID,instVendorAddress,instVendorCity,instVendorState,instVendorPostalCode,instAuditTrail,instNIGPClass,instNIGPDesc,instGeoRegion
88,2003-01-01,9999-99-99,4IMPRINT INC,EXP,REDACTED_ADDRESS,REDACTED_CITY,WI,00000,0,037,"Amusement, Decorations, Entertainment, Gifts, Toys, Etc.",MW
110,2003-01-01,9999-99-99,A & A ENTERPRISES INC,EXP,REDACTED_ADDRESS,REDACTED_CITY,VA,00000,0,080,"Badges, Awards, Emblems, Name Tags And Plates, Jewelry, Etc.",SE
228,2003-01-01,9999-99-99,A M DAVIS INC,EXP,REDACTED_ADDRESS,REDACTED_CITY,VA,00000,0,035,"Aircraft And Airport Equipment, Parts, And Supplies",SE
229,2003-01-01,9999-99-99,A M LEONARD INC,EXP,REDACTED_ADDRESS,REDACTED_CITY,OH,00000,0,020,"Agricultural Equipment, Implements, And Accessories (See Class",MW
361,2003-01-01,9999-99-99,AAA TROPHIES,EXP,REDACTED_ADDRESS,REDACTED_CITY,VA,00000,0,080,"Badges, Awards, Emblems, Name Tags And Plates, Jewelry, Etc.",SE
701,2003-01-01,9999-99-99,ACADEMIC SUPERSTORE,EXP,REDACTED_ADDRESS,REDACTED_CITY,IL,00000,0,055,"Automotive Accessories For Automobiles, Buses, Trailers, Trucks,",MW
834,2003-01-01,9999-99-99,ACE PENINSULA HARDWARE,EXP,REDACTED_ADDRESS,REDACTED_CITY,VA,00000,0,085,"Bags, Bagging, Ties, And Erosion Sheeting, Etc.",SE
909,2003-01-01,9999-99-99,ACOUSTICAL SOLUTIONS INC,EXP,REDACTED_ADDRESS,REDACTED_CITY,VA,00000,0,010,"Acoustical Tile, Insulating Materials, And Supplies",SE
936,2003-01-01,9999-99-99,ACT INC,EXP,REDACTED_ADDRESS,REDACTED_CITY,IA,00000,0,031,"Air Conditioning, Heating, And Ventilating Equipment, Parts And",MW
1132,2003-01-01,9999-99-99,ADEMCO DISTRIBUTION INC,EXP,REDACTED_ADDRESS,REDACTED_CITY,VA,00000,0,045,"Appliances And Equipment, Household Type",SE
1208,2003-01-01,9999-99-99,ADORAMA INC,EXP,REDACTED_ADDRESS,REDACTED_CITY,NY,00000,0,035,"Aircraft And Airport Equipment, Parts, And Supplies",NE
1261,2003-01-01,9999-99-99,ADVANCE AUTO PARTS,EXP,REDACTED_ADDRESS,REDACTED_CITY,VA,00000,0,060,Automotive And Trailer Equipment And Parts,SE
1313,2003-01-01,9999-99-99,ADVANCED TELEMETRY SYSTEMS INC,EXP,REDACTED_ADDRESS,REDACTED_CITY,MN,00000,0,040,"Animals, Birds, Marine Life, And Poultry, Live, (Including Accessory",MW
1469,2003-01-01,9999-99-99,AGILENT TECHNOLOGIES INC,EXP,REDACTED_ADDRESS,REDACTED_CITY,DE,00000,0,045,"Appliances And Equipment, Household Type",NE
1602,2003-01-01,9999-99-99,AIR FILTERS INC,EXP,REDACTED_ADDRESS,REDACTED_CITY,VA,00000,0,031,"Air Conditioning, Heating, And Ventilating Equipment, Parts And",SE
1629,2003-01-01,9999-99-99,AIRECO INC,EXP,REDACTED_ADDRESS,REDACTED_CITY,MD,00000,0,031,"Air Conditioning, Heating, And Ventilating Equipment, Parts And",NE
1630,2003-01-01,9999-99-99,AIRECO SUPPLY INC,EXP,REDACTED_ADDRESS,REDACTED_CITY,MD,00000,0,031,"Air Conditioning, Heating, And Ventilating Equipment, Parts And",NE
1745,2003-01-01,9999-99-99,ALADDIN TEMP RITE,EXP,REDACTED_ADDRESS,REDACTED_CITY,TN,00000,0,031,"Air Conditioning, Heating, And Ventilating Equipment, Parts And",SE
1792,2003-01-01,9999-99-99,ALBAN TIRE CORP,EXP,REDACTED_ADDRESS,REDACTED_CITY,VA,00000,0,060,Automotive And Trailer Equipment And Parts,SE
2158,2003-01-01,9999-99-99,ALIMED INC,EXP,REDACTED_ADDRESS,REDACTED_CITY,MA,00000,0,055,"Automotive Accessories For Automobiles, Buses, Trailers, Trucks,",NE
2423,2003-01-01,9999-99-99,ALLIANCE MICRO,EXP,REDACTED_ADDRESS,REDACTED_CITY,VA,00000,0,015,"Addressing, Copying, Mimeograph, And Spirit Duplicating Machine",SE
2452,2003-01-01,9999-99-99,ALLIED ELECTRONICS INC,EXP,REDACTED_ADDRESS,REDACTED_CITY,VA,00000,0,060,Automotive And Trailer Equipment And Parts,SE
2774,2003-01-01,9999-99-99,AMAZON.COM,EXP,REDACTED_ADDRESS,REDACTED_CITY,WA,00000,0,037,"Amusement, Decorations, Entertainment, Gifts, Toys, Etc.",W
3009,2003-01-01,9999-99-99,AMERICAN AIRLINES,EXP,REDACTED_ADDRESS,REDACTED_CITY,NC,00000,0,035,"Aircraft And Airport Equipment, Parts, And Supplies",SE
3159,2003-01-01,9999-99-99,AMERICAN DOOR & GLASS INC,EXP,REDACTED_ADDRESS,REDACTED_CITY,VA,00000,0,060,Automotive And Trailer Equipment And Parts,SE
3263,2003-01-01,9999-99-99,AMERICAN LIBRARY ASSOCIATION,EXP,REDACTED_ADDRESS,REDACTED_CITY,IL,00000,0,052,Art Objects,MW
3357,2003-01-01,9999-99-99,AMERICAN PSYCHOLOGICAL ASSOCIATION,EXP,REDACTED_ADDRESS,REDACTED_CITY,DC,00000,0,037,"Amusement, Decorations, Entertainment, Gifts, Toys, Etc.",NE
3495,2003-01-01,9999-99-99,AMERICAN VAN EQUIPMENT INC,EXP,REDACTED_ADDRESS,REDACTED_CITY,NJ,00000,0,055,"Automotive Accessories For Automobiles, Buses, Trailers, Trucks,",NE
3537,2003-01-01,9999-99-99,AMERIGAS PROPANE,EXP,REDACTED_ADDRESS,REDACTED_CITY,VA,00000,0,031,"Air Conditioning, Heating, And Ventilating Equipment, Parts And",SE
3883,2003-01-01,9999-99-99,AMSTERDAM PRINTING & LITHO,EXP,REDACTED_ADDRESS,REDACTED_CITY,NY,00000,0,037,"Amusement, Decorations, Entertainment, Gifts, Toys, Etc.",NE
3890,2003-01-01,9999-99-99,AMTEK COMPANY,EXP,REDACTED_ADDRESS,REDACTED_CITY,MD,00000,0,031,"Air Conditioning, Heating, And Ventilating Equipment, Parts And",NE
4477,2003-01-01,9999-99-99,ANIXTER INC,EXP,REDACTED_ADDRESS,REDACTED_CITY,VA,00000,0,055,"Automotive Accessories For Automobiles, Buses, Trailers, Trucks,",SE
4870,2003-01-01,9999-99-99,APEX CONTROLS,EXP,REDACTED_ADDRESS,REDACTED_CITY,PA,00000,0,031,"Air Conditioning, Heating, And Ventilating Equipment, Parts And",NE
4992,2003-01-01,9999-99-99,APPLIED MEASUREMENT PROFESSIONALS INC,EXP,REDACTED_ADDRESS,REDACTED_CITY,KS,00000,0,031,"Air Conditioning, Heating, And Ventilating Equipment, Parts And",MW
5021,2003-01-01,9999-99-99,APPOMATTOX RIVER COMPANY,EXP,REDACTED_ADDRESS,REDACTED_CITY,VA,00000,0,085,"Bags, Bagging, Ties, And Erosion Sheeting, Etc.",SE
5193,2003-01-01,9999-99-99,ARCHITECTURAL PRODUCTS OF VIRGINIA,EXP,REDACTED_ADDRESS,REDACTED_CITY,VA,00000,0,080,"Badges, Awards, Emblems, Name Tags And Plates, Jewelry, Etc.",SE
5559,2003-01-01,9999-99-99,ARTHURS ELECTRIC SERVICE INC,EXP,REDACTED_ADDRESS,REDACTED_CITY,VA,00000,0,060,Automotive And Trailer Equipment And Parts,SE
5619,2003-01-01,9999-99-99,ASCD,EXP,REDACTED_ADDRESS,REDACTED_CITY,VA,00000,0,037,"Amusement, Decorations, Entertainment, Gifts, Toys, Etc.",SE
5850,2003-01-01,9999-99-99,ASSOCIATED BAG COMPANY,EXP,REDACTED_ADDRESS,REDACTED_CITY,WI,00000,0,085,"Bags, Bagging, Ties, And Erosion Sheeting, Etc.",MW
6011,2003-01-01,9999-99-99,ATCHAFALAYA BIOLOGICAL SUPPLY,EXP,REDACTED_ADDRESS,REDACTED_CITY,LA,00000,0,040,"Animals, Birds, Marine Life, And Poultry, Live, (Including Accessory",SE
6014,2003-01-01,9999-99-99,ATCO INTERNATIONAL,EXP,REDACTED_ADDRESS,REDACTED_CITY,GA,00000,0,075,Automotive Shop And Related Equipment And Supplies,SE
6064,2003-01-01,9999-99-99,ATKINS AUTOMOTIVE CORP,EXP,REDACTED_ADDRESS,REDACTED_CITY,VA,00000,0,060,Automotive And Trailer Equipment And Parts,SE
6121,2003-01-01,9999-99-99,ATLANTIC COMMUNICATIONS INC,EXP,REDACTED_ADDRESS,REDACTED_CITY,VA,00000,0,060,Automotive And Trailer Equipment And Parts,SE
6266,2003-01-01,9999-99-99,ATTRONICA COMPUTERS INC,EXP,REDACTED_ADDRESS,REDACTED_CITY,VA,00000,0,055,"Automotive Accessories For Automobiles, Buses, Trailers, Trucks,",SE
6421,2003-01-01,9999-99-99,AUGUSTA COOPERATIVE FARM BUREAU INC,EXP,REDACTED_ADDRESS,REDACTED_CITY,VA,00000,0,020,"Agricultural Equipment, Implements, And Accessories (See Class",SE
6439,2003-01-01,9999-99-99,AUGUSTA EQUIPMENT CO,EXP,REDACTED_ADDRESS,REDACTED_CITY,VA,00000,0,022,Agricultural Equipment And Implement Parts,SE
6446,2003-01-01,9999-99-99,AUGUSTA GLASS & MIRROR,EXP,REDACTED_ADDRESS,REDACTED_CITY,VA,00000,0,060,Automotive And Trailer Equipment And Parts,SE
6479,2003-01-01,9999-99-99,AUGUSTA STEEL CORPORATION,EXP,REDACTED_ADDRESS,REDACTED_CITY,VA,00000,0,060,Automotive And Trailer Equipment And Parts,SE
6595,2003-01-01,9999-99-99,AUTO WORLD OF BIG STONE GAP,EXP,REDACTED_ADDRESS,REDACTED_CITY,VA,00000,0,075,Automotive Shop And Related Equipment And Supplies,SE
6621,2003-01-01,9999-99-99,AUTOMOTIVE EXCELLENCE,EXP,REDACTED_ADDRESS,REDACTED_CITY,VA,00000,0,075,Automotive Shop And Related Equipment And Supplies,SE
6734,2003-01-01,9999-99-99,AWARD CRAFTERS INC,EXP,REDACTED_ADDRESS,REDACTED_CITY,VA,00000,0,080,"Badges, Awards, Emblems, Name Tags And Plates, Jewelry, Etc.",SE
6810,2003-01-01,9999-99-99,B & H PHOTO VIDEO,EXP,REDACTED_ADDRESS,REDACTED_CITY,NY,00000,0,050,Art Equipment And Supplies,NE
6913,2003-01-01,9999-99-99,B W WILSON PAPER CO INC,EXP,REDACTED_ADDRESS,REDACTED_CITY,VA,00000,0,015,"Addressing, Copying, Mimeograph, And Spirit Duplicating Machine",SE
6993,2003-01-01,9999-99-99,BACKUS AERIAL PHOTOGRAPHY INC,EXP,REDACTED_ADDRESS,REDACTED_CITY,VA,00000,0,035,"Aircraft And Airport Equipment, Parts, And Supplies",SE
7010,2003-01-01,9999-99-99,BADGE-A-MINIT LTD,EXP,REDACTED_ADDRESS,REDACTED_CITY,IL,00000,0,080,"Badges, Awards, Emblems, Name Tags And Plates, Jewelry, Etc.",MW
7290,2003-01-01,9999-99-99,BALL OFFICE PRODUCTS,EXP,REDACTED_ADDRESS,REDACTED_CITY,VA,00000,0,015,"Addressing, Copying, Mimeograph, And Spirit Duplicating Machine",SE
7630,2003-01-01,9999-99-99,BARBIZON CAPITOL,EXP,REDACTED_ADDRESS,REDACTED_CITY,VA,00000,0,050,Art Equipment And Supplies,SE
8045,2003-01-01,9999-99-99,BASSETT OFFICE SUPPLY,EXP,REDACTED_ADDRESS,REDACTED_CITY,VA,00000,0,037,"Amusement, Decorations, Entertainment, Gifts, Toys, Etc.",SE
8106,2003-01-01,9999-99-99,BATTERIES INC,EXP,REDACTED_ADDRESS,REDACTED_CITY,MD,00000,0,060,Automotive And Trailer Equipment And Parts,NE
8109,2003-01-01,9999-99-99,BATTERIES PLUS,EXP,REDACTED_ADDRESS,REDACTED_CITY,VA,00000,0,075,Automotive Shop And Related Equipment And Supplies,SE
8118,2003-01-01,9999-99-99,BATTERY BARN OF VIRGINIA,EXP,REDACTED_ADDRESS,REDACTED_CITY,VA,00000,0,075,Automotive Shop And Related Equipment And Supplies,SE
8120,2003-01-01,9999-99-99,BATTERY EXPRESS LLC,EXP,REDACTED_ADDRESS,REDACTED_CITY,VA,00000,0,075,Automotive Shop And Related Equipment And Supplies,SE
8122,2003-01-01,9999-99-99,BATTERY OUTLET INC,EXP,REDACTED_ADDRESS,REDACTED_CITY,VA,00000,0,075,Automotive Shop And Related Equipment And Supplies,SE
8151,2003-01-01,9999-99-99,BAUDVILLE,EXP,REDACTED_ADDRESS,REDACTED_CITY,MI,00000,0,080,"Badges, Awards, Emblems, Name Tags And Plates, Jewelry, Etc.",MW
8226,2003-01-01,9999-99-99,BAY DIESEL CORPORATION,EXP,REDACTED_ADDRESS,REDACTED_CITY,VA,00000,0,055,"Automotive Accessories For Automobiles, Buses, Trailers, Trucks,",SE
9096,2003-01-01,9999-99-99,BERRY HILL IRRIGATION INC,EXP,REDACTED_ADDRESS,REDACTED_CITY,VA,00000,0,022,Agricultural Equipment And Implement Parts,SE
9098,2003-01-01,9999-99-99,BERRY HOME CENTERS INC,EXP,REDACTED_ADDRESS,REDACTED_CITY,VA,00000,0,020,"Agricultural Equipment, Implements, And Accessories (See Class",SE
9252,2003-01-01,9999-99-99,BETA GAMMA SIGMA,EXP,REDACTED_ADDRESS,REDACTED_CITY,MO,00000,0,080,"Badges, Awards, Emblems, Name Tags And Plates, Jewelry, Etc.",MW
9484,2003-01-01,9999-99-99,BFI WASTE SERVICES LLC,EXP,REDACTED_ADDRESS,REDACTED_CITY,VA,00000,0,065,"Automotive And Trailer Bodies, Body Accessories, And Parts",SE
9595,2003-01-01,9999-99-99,BIG STONE GLASS CO INC,EXP,REDACTED_ADDRESS,REDACTED_CITY,VA,00000,0,075,Automotive Shop And Related Equipment And Supplies,SE
9630,2003-01-01,9999-99-99,BILL DAILEYS TROPHY SHOP,EXP,REDACTED_ADDRESS,REDACTED_CITY,VA,00000,0,080,"Badges, Awards, Emblems, Name Tags And Plates, Jewelry, Etc.",SE
9639,2003-01-01,9999-99-99,BILL LEA,EXP,REDACTED_ADDRESS,REDACTED_CITY,NC,00000,0,052,Art Objects,SE
9994,2003-01-01,9999-99-99,BLACKBOARD INC,EXP,REDACTED_ADDRESS,REDACTED_CITY,DC,00000,0,005,Abrasives,NE
10008,2003-01-01,9999-99-99,BLACKHAWK PRODUCTIONS,EXP,REDACTED_ADDRESS,REDACTED_CITY,VA,00000,0,052,Art Objects,SE
10187,2003-01-01,9999-99-99,BLAUCH BROTHERS INC,EXP,REDACTED_ADDRESS,REDACTED_CITY,VA,00000,0,031,"Air Conditioning, Heating, And Ventilating Equipment, Parts And",SE
10468,2003-01-01,9999-99-99,BLUEFIELD RADIATOR SERVICE,EXP,REDACTED_ADDRESS,REDACTED_CITY,WV,00000,0,060,Automotive And Trailer Equipment And Parts,SE
11400,2003-01-01,9999-99-99,BRAME SPECIALTY CO INC,EXP,REDACTED_ADDRESS,REDACTED_CITY,NC,00000,0,045,"Appliances And Equipment, Household Type",SE
11437,2003-01-01,9999-99-99,BRAND FUEL PROMOTIONS,EXP,REDACTED_ADDRESS,REDACTED_CITY,VA,00000,0,037,"Amusement, Decorations, Entertainment, Gifts, Toys, Etc.",SE
11910,2003-01-01,9999-99-99,BRIGHT IDEAS LLC,EXP,REDACTED_ADDRESS,REDACTED_CITY,VA,00000,0,037,"Amusement, Decorations, Entertainment, Gifts, Toys, Etc.",SE
12928,2003-01-01,9999-99-99,BUNKIE TRINITE TROPHIES INC,EXP,REDACTED_ADDRESS,REDACTED_CITY,VA,00000,0,080,"Badges, Awards, Emblems, Name Tags And Plates, Jewelry, Etc.",SE
13364,2003-01-01,9999-99-99,BWI DISTRIBUTION INC,EXP,REDACTED_ADDRESS,REDACTED_CITY,VA,00000,0,031,"Air Conditioning, Heating, And Ventilating Equipment, Parts And",SE
13482,2003-01-01,9999-99-99,C C DICKSON CO,EXP,REDACTED_ADDRESS,REDACTED_CITY,VA,00000,0,031,"Air Conditioning, Heating, And Ventilating Equipment, Parts And",SE
13544,2003-01-01,9999-99-99,C P DEAN CO INC,EXP,REDACTED_ADDRESS,REDACTED_CITY,VA,00000,0,080,"Badges, Awards, Emblems, Name Tags And Plates, Jewelry, Etc.",SE
13628,2003-01-01,9999-99-99,CABELAS INC,EXP,REDACTED_ADDRESS,REDACTED_CITY,NE,00000,0,055,"Automotive Accessories For Automobiles, Buses, Trailers, Trucks,",MW
13883,2003-01-01,9999-99-99,CAMCOR INC,EXP,REDACTED_ADDRESS,REDACTED_CITY,NC,00000,0,035,"Aircraft And Airport Equipment, Parts, And Supplies",SE
14214,2003-01-01,9999-99-99,CAPITAL COMPRESSOR INC,EXP,REDACTED_ADDRESS,REDACTED_CITY,VA,00000,0,075,Automotive Shop And Related Equipment And Supplies,SE
14226,2003-01-01,9999-99-99,CAPITAL GMC TRUCKS INC,EXP,REDACTED_ADDRESS,REDACTED_CITY,VA,00000,0,071,"Automobiles, School Buses, Suvs, And Vans (Including Diesel,",SE
14242,2003-01-01,9999-99-99,CAPITAL REGION AIRPORT COMMISSION,EXP,REDACTED_ADDRESS,REDACTED_CITY,VA,00000,0,080,"Badges, Awards, Emblems, Name Tags And Plates, Jewelry, Etc.",SE
14280,2003-01-01,9999-99-99,CAPP INC,EXP,REDACTED_ADDRESS,REDACTED_CITY,PA,00000,0,031,"Air Conditioning, Heating, And Ventilating Equipment, Parts And",NE
14821,2003-01-01,9999-99-99,CAROLINA BIOLOGICAL SUPPLY,EXP,REDACTED_ADDRESS,REDACTED_CITY,NC,00000,0,040,"Animals, Birds, Marine Life, And Poultry, Live, (Including Accessory",SE
14951,2003-01-01,9999-99-99,CAROTEK INC,EXP,REDACTED_ADDRESS,REDACTED_CITY,VA,00000,0,031,"Air Conditioning, Heating, And Ventilating Equipment, Parts And",SE
15013,2003-01-01,9999-99-99,CARRERAS TECHNOLOGIES INC,EXP,REDACTED_ADDRESS,REDACTED_CITY,VA,00000,0,080,"Badges, Awards, Emblems, Name Tags And Plates, Jewelry, Etc.",SE
15154,2003-01-01,9999-99-99,CARTER MACHINERY COMPANY INC,EXP,REDACTED_ADDRESS,REDACTED_CITY,VA,00000,0,060,Automotive And Trailer Equipment And Parts,SE
15823,2003-01-01,9999-99-99,CAVALIER INDUSTRIES INC,EXP,REDACTED_ADDRESS,REDACTED_CITY,VA,00000,0,031,"Air Conditioning, Heating, And Ventilating Equipment, Parts And",SE
16198,2003-01-01,9999-99-99,CENTRAL VIRGINIA COMMUNICATIONS,EXP,REDACTED_ADDRESS,REDACTED_CITY,VA,00000,0,060,Automotive And Trailer Equipment And Parts,SE
16243,2003-01-01,9999-99-99,CENTRAL YORK CORPORATION,EXP,REDACTED_ADDRESS,REDACTED_CITY,VA,00000,0,031,"Air Conditioning, Heating, And Ventilating Equipment, Parts And",SE
16344,2003-01-01,9999-99-99,CHAMBERLAIN MECHANICAL SERVICE INC,EXP,REDACTED_ADDRESS,REDACTED_CITY,VA,00000,0,031,"Air Conditioning, Heating, And Ventilating Equipment, Parts And",SE
16688,2003-01-01,9999-99-99,CHARLES RIVER LABORATORIES,EXP,REDACTED_ADDRESS,REDACTED_CITY,MA,00000,0,040,"Animals, Birds, Marine Life, And Poultry, Live, (Including Accessory",NE
16690,2003-01-01,9999-99-99,CHARLES RIVER LABS,EXP,REDACTED_ADDRESS,REDACTED_CITY,MA,00000,0,040,"Animals, Birds, Marine Life, And Poultry, Live, (Including Accessory",NE
17212,2003-01-01,9999-99-99,CHESAPEAKE CONTROLS INC,EXP,REDACTED_ADDRESS,REDACTED_CITY,VA,00000,0,031,"Air Conditioning, Heating, And Ventilating Equipment, Parts And",SE
17246,2003-01-01,9999-99-99,CHESAPEAKE OFFICE SUPPLY,EXP,REDACTED_ADDRESS,REDACTED_CITY,VA,00000,0,080,"Badges, Awards, Emblems, Name Tags And Plates, Jewelry, Etc.",SE
17946,2003-01-01,9999-99-99,CHRYSLER OF CULPEPER,EXP,REDACTED_ADDRESS,REDACTED_CITY,VA,00000,0,060,Automotive And Trailer Equipment And Parts,SE
18187,2003-01-01,9999-99-99,CITY OF FAIRFAX,EXP,REDACTED_ADDRESS,REDACTED_CITY,VA,00000,0,035,"Aircraft And Airport Equipment, Parts, And Supplies",SE
18593,2003-01-01,9999-99-99,CLEAN HARBORS ENVIRONMENTAL SERVICES INC,EXP,REDACTED_ADDRESS,REDACTED_CITY,MA,00000,0,075,Automotive Shop And Related Equipment And Supplies,NE
18614,2003-01-01,9999-99-99,CLEAR COMMUNICATIONS AND ELECTRONICS INC,EXP,REDACTED_ADDRESS,REDACTED_CITY,VA,00000,0,055,"Automotive Accessories For Automobiles, Buses, Trailers, Trucks,",SE
18904,2003-01-01,9999-99-99,CMC SUPPLY INC,EXP,REDACTED_ADDRESS,REDACTED_CITY,VA,00000,0,031,"Air Conditioning, Heating, And Ventilating Equipment, Parts And",SE
19189,2003-01-01,9999-99-99,COLE PARMER INSTRUMENT COMPANY,EXP,REDACTED_ADDRESS,REDACTED_CITY,IL,00000,0,045,"Appliances And Equipment, Household Type",MW
19450,2003-01-01,9999-99-99,COLLINSVILLE PRINTING CO INC,EXP,REDACTED_ADDRESS,REDACTED_CITY,VA,00000,0,080,"Badges, Awards, Emblems, Name Tags And Plates, Jewelry, Etc.",SE
19467,2003-01-01,9999-99-99,COLONIAL AUTO CENTER,EXP,REDACTED_ADDRESS,REDACTED_CITY,VA,00000,0,060,Automotive And Trailer Equipment And Parts,SE
19487,2003-01-01,9999-99-99,COLONIAL FORD TRUCK SALES INC,EXP,REDACTED_ADDRESS,REDACTED_CITY,VA,00000,0,071,"Automobiles, School Buses, Suvs, And Vans (Including Diesel,",SE
19521,2003-01-01,9999-99-99,COLONIAL POWERLIFT INC,EXP,REDACTED_ADDRESS,REDACTED_CITY,VA,00000,0,075,Automotive Shop And Related Equipment And Supplies,SE
19534,2003-01-01,9999-99-99,COLONIAL SCIENTIFIC INC,EXP,REDACTED_ADDRESS,REDACTED_CITY,VA,00000,0,037,"Amusement, Decorations, Entertainment, Gifts, Toys, Etc.",SE
19543,2003-01-01,9999-99-99,COLONIAL TRUCK SALES,EXP,REDACTED_ADDRESS,REDACTED_CITY,VA,00000,0,072,"Trucks (Including, Diesel, Gasoline, Electric, Hybrid, And",SE
19887,2003-01-01,9999-99-99,COMMONWEALTH PAPER CO,EXP,REDACTED_ADDRESS,REDACTED_CITY,VA,00000,0,015,"Addressing, Copying, Mimeograph, And Spirit Duplicating Machine",SE
20050,2003-01-01,9999-99-99,COMPASS GROUP,EXP,REDACTED_ADDRESS,REDACTED_CITY,VA,00000,0,019,"Agricultural Crops And Grains Including Fruits, Melons, Nuts, And",SE
20322,2003-01-01,9999-99-99,CONNEY SAFETY PRODUCTS,EXP,REDACTED_ADDRESS,REDACTED_CITY,WI,00000,0,050,Art Equipment And Supplies,MW
20443,2003-01-01,9999-99-99,CONSOLIDATED PLASTICS COMPANY INC,EXP,REDACTED_ADDRESS,REDACTED_CITY,OH,00000,0,055,"Automotive Accessories For Automobiles, Buses, Trailers, Trucks,",MW
20558,2003-01-01,9999-99-99,CONTROLLED CONDITIONS CORPORATION,EXP,REDACTED_ADDRESS,REDACTED_CITY,VA,00000,0,031,"Air Conditioning, Heating, And Ventilating Equipment, Parts And",SE
20745,2003-01-01,9999-99-99,COPPER MEMORIES,EXP,REDACTED_ADDRESS,REDACTED_CITY,VA,00000,0,037,"Amusement, Decorations, Entertainment, Gifts, Toys, Etc.",SE
21037,2003-01-01,9999-99-99,COSTCO WHOLESALE,EXP,REDACTED_ADDRESS,REDACTED_CITY,VA,00000,0,075,Automotive Shop And Related Equipment And Supplies,SE
21089,2003-01-01,9999-99-99,COUNCIL FOR EXCEPTIONAL CHILDREN,EXP,REDACTED_ADDRESS,REDACTED_CITY,VA,00000,0,037,"Amusement, Decorations, Entertainment, Gifts, Toys, Etc.",SE
21507,2003-01-01,9999-99-99,COYNE TEXTILE SERVICES,EXP,REDACTED_ADDRESS,REDACTED_CITY,VA,00000,0,055,"Automotive Accessories For Automobiles, Buses, Trailers, Trucks,",SE
21522,2003-01-01,9999-99-99,CPP INC,EXP,REDACTED_ADDRESS,REDACTED_CITY,CA,00000,0,031,"Air Conditioning, Heating, And Ventilating Equipment, Parts And",W
21756,2003-01-01,9999-99-99,CREATIVE ENGRAVERS,EXP,REDACTED_ADDRESS,REDACTED_CITY,VA,00000,0,080,"Badges, Awards, Emblems, Name Tags And Plates, Jewelry, Etc.",SE
21773,2003-01-01,9999-99-99,CREATIVE OFFICE ENVIRONMENTS,EXP,REDACTED_ADDRESS,REDACTED_CITY,VA,00000,0,055,"Automotive Accessories For Automobiles, Buses, Trailers, Trucks,",SE
21835,2003-01-01,9999-99-99,CRESTLINE CO INC,EXP,REDACTED_ADDRESS,REDACTED_CITY,ME,00000,0,037,"Amusement, Decorations, Entertainment, Gifts, Toys, Etc.",NE
21859,2003-01-01,9999-99-99,CRH CATERING CO INC,EXP,REDACTED_ADDRESS,REDACTED_CITY,VA,00000,0,045,"Appliances And Equipment, Household Type",SE
21953,2003-01-01,9999-99-99,CROPKING INC,EXP,REDACTED_ADDRESS,REDACTED_CITY,OH,00000,0,019,"Agricultural Crops And Grains Including Fruits, Melons, Nuts, And",MW
22126,2003-01-01,9999-99-99,CRYSTAL ICE COMPANY INC,EXP,REDACTED_ADDRESS,REDACTED_CITY,VA,00000,0,031,"Air Conditioning, Heating, And Ventilating Equipment, Parts And",SE
22144,2003-01-01,9999-99-99,CRYSTAL SPRINGS,EXP,REDACTED_ADDRESS,REDACTED_CITY,VA,00000,0,031,"Air Conditioning, Heating, And Ventilating Equipment, Parts And",SE
22375,2003-01-01,9999-99-99,CUPA-HR,EXP,REDACTED_ADDRESS,REDACTED_CITY,TN,00000,0,080,"Badges, Awards, Emblems, Name Tags And Plates, Jewelry, Etc.",SE
22546,2003-01-01,9999-99-99,CUSTOM BUSINESS PRODUCTS,EXP,REDACTED_ADDRESS,REDACTED_CITY,MD,00000,0,050,Art Equipment And Supplies,NE
22627,2003-01-01,9999-99-99,CVS PHARMACY,EXP,REDACTED_ADDRESS,REDACTED_CITY,VA,00000,0,037,"Amusement, Decorations, Entertainment, Gifts, Toys, Etc.",SE
22633,2003-01-01,9999-99-99,CWC CHEMICAL INC,EXP,REDACTED_ADDRESS,REDACTED_CITY,VA,00000,0,020,"Agricultural Equipment, Implements, And Accessories (See Class",SE
22748,2003-01-01,9999-99-99,D & A AUTO PARTS INC,EXP,REDACTED_ADDRESS,REDACTED_CITY,VA,00000,0,060,Automotive And Trailer Equipment And Parts,SE
23033,2003-01-01,9999-99-99,DALY COMPUTERS INC,EXP,REDACTED_ADDRESS,REDACTED_CITY,MD,00000,0,015,"Addressing, Copying, Mimeograph, And Spirit Duplicating Machine",NE
23278,2003-01-01,9999-99-99,DANIELS,EXP,REDACTED_ADDRESS,REDACTED_CITY,VA,00000,0,037,"Amusement, Decorations, Entertainment, Gifts, Toys, Etc.",SE
23638,2003-01-01,9999-99-99,DAUBERS INC,EXP,REDACTED_ADDRESS,REDACTED_CITY,VA,00000,0,031,"Air Conditioning, Heating, And Ventilating Equipment, Parts And",SE
24145,2003-01-01,9999-99-99,DAVIS TRANSMISSION,EXP,REDACTED_ADDRESS,REDACTED_CITY,VA,00000,0,060,Automotive And Trailer Equipment And Parts,SE
24268,2003-01-01,9999-99-99,DAWN SIGN PRESS,EXP,REDACTED_ADDRESS,REDACTED_CITY,CA,00000,0,037,"Amusement, Decorations, Entertainment, Gifts, Toys, Etc.",W
24778,2003-01-01,9999-99-99,DEERE & COMPANY,EXP,REDACTED_ADDRESS,REDACTED_CITY,NC,00000,0,071,"Automobiles, School Buses, Suvs, And Vans (Including Diesel,",SE
24876,2003-01-01,9999-99-99,DELL MARKETING LP,EXP,REDACTED_ADDRESS,REDACTED_CITY,TX,00000,0,055,"Automotive Accessories For Automobiles, Buses, Trailers, Trucks,",SW
24983,2003-01-01,9999-99-99,DEMCO INC,EXP,REDACTED_ADDRESS,REDACTED_CITY,WI,00000,0,050,Art Equipment And Supplies,MW
25207,2003-01-01,9999-99-99,DEPARTMENT OF GENERAL SERVICES,EXP,REDACTED_ADDRESS,REDACTED_CITY,VA,00000,0,071,"Automobiles, School Buses, Suvs, And Vans (Including Diesel,",SE
25775,2003-01-01,9999-99-99,DIAMOND SPRINGS WATER INC,EXP,REDACTED_ADDRESS,REDACTED_CITY,VA,00000,0,031,"Air Conditioning, Heating, And Ventilating Equipment, Parts And",SE
25975,2003-01-01,9999-99-99,DICKINSON EQUIPMENT INC,EXP,REDACTED_ADDRESS,REDACTED_CITY,VA,00000,0,071,"Automobiles, School Buses, Suvs, And Vans (Including Diesel,",SE
26051,2003-01-01,9999-99-99,DIGI KEY CORPORATION,EXP,REDACTED_ADDRESS,REDACTED_CITY,MN,00000,0,060,Automotive And Trailer Equipment And Parts,MW
26113,2003-01-01,9999-99-99,DILLON SUPPLY COMPANY,EXP,REDACTED_ADDRESS,REDACTED_CITY,VA,00000,0,050,Art Equipment And Supplies,SE
26275,2003-01-01,9999-99-99,DISTER INC,EXP,REDACTED_ADDRESS,REDACTED_CITY,VA,00000,0,052,Art Objects,SE
26284,2003-01-01,9999-99-99,DISTINCTIVE EVENT RENTALS,EXP,REDACTED_ADDRESS,REDACTED_CITY,VA,00000,0,037,"Amusement, Decorations, Entertainment, Gifts, Toys, Etc.",SE
26430,2003-01-01,9999-99-99,DIXIE GAS AND OIL CORPORATION,EXP,REDACTED_ADDRESS,REDACTED_CITY,VA,00000,0,031,"Air Conditioning, Heating, And Ventilating Equipment, Parts And",SE
26753,2003-01-01,9999-99-99,DOMADE INC,EXP,REDACTED_ADDRESS,REDACTED_CITY,VA,00000,0,055,"Automotive Accessories For Automobiles, Buses, Trailers, Trucks,",SE
26805,2003-01-01,9999-99-99,DOMINION INTERIOR SUPPLY CORPORATION,EXP,REDACTED_ADDRESS,REDACTED_CITY,VA,00000,0,010,"Acoustical Tile, Insulating Materials, And Supplies",SE
27204,2003-01-01,9999-99-99,DOOR ENGINEERING CORPORATION,EXP,REDACTED_ADDRESS,REDACTED_CITY,VA,00000,0,052,Art Objects,SE
27495,2003-01-01,9999-99-99,DOVER PUBLICATIONS,EXP,REDACTED_ADDRESS,REDACTED_CITY,NY,00000,0,037,"Amusement, Decorations, Entertainment, Gifts, Toys, Etc.",NE
28355,2003-01-01,9999-99-99,DUTTON FOOD EQUIPMENT REPAIR INC,EXP,REDACTED_ADDRESS,REDACTED_CITY,VA,00000,0,075,Automotive Shop And Related Equipment And Supplies,SE
28469,2003-01-01,9999-99-99,DYNAVOX SYSTEMS LLC,EXP,REDACTED_ADDRESS,REDACTED_CITY,PA,00000,0,037,"Amusement, Decorations, Entertainment, Gifts, Toys, Etc.",NE
28499,2003-01-01,9999-99-99,E A HOLSTEN INC,EXP,REDACTED_ADDRESS,REDACTED_CITY,VA,00000,0,045,"Appliances And Equipment, Household Type",SE
28507,2003-01-01,9999-99-99,E AND M AUTO PAINT AND SUPPLY CORP,EXP,REDACTED_ADDRESS,REDACTED_CITY,VA,00000,0,055,"Automotive Accessories For Automobiles, Buses, Trailers, Trucks,",SE
28621,2003-01-01,9999-99-99,EAHEART INDUSTRIAL SERVICE INC,EXP,REDACTED_ADDRESS,REDACTED_CITY,VA,00000,0,060,Automotive And Trailer Equipment And Parts,SE
28760,2003-01-01,9999-99-99,EAST COAST HOME & GARDEN,EXP,REDACTED_ADDRESS,REDACTED_CITY,VA,00000,0,022,Agricultural Equipment And Implement Parts,SE
28778,2003-01-01,9999-99-99,EAST PENN MFG CO INC,EXP,REDACTED_ADDRESS,REDACTED_CITY,VA,00000,0,075,Automotive Shop And Related Equipment And Supplies,SE
28892,2003-01-01,9999-99-99,EASTERN SHORE TRACTOR,EXP,REDACTED_ADDRESS,REDACTED_CITY,VA,00000,0,020,"Agricultural Equipment, Implements, And Accessories (See Class",SE
29019,2003-01-01,9999-99-99,ECK SUPPLY CO,EXP,REDACTED_ADDRESS,REDACTED_CITY,VA,00000,0,060,Automotive And Trailer Equipment And Parts,SE
29062,2003-01-01,9999-99-99,ECOSYSTEMS ENVIRONMENTAL SERVICES INC,EXP,REDACTED_ADDRESS,REDACTED_CITY,VA,00000,0,031,"Air Conditioning, Heating, And Ventilating Equipment, Parts And",SE
29096,2003-01-01,9999-99-99,EDDIE EDWARDS SIGNS INC,EXP,REDACTED_ADDRESS,REDACTED_CITY,VA,00000,0,080,"Badges, Awards, Emblems, Name Tags And Plates, Jewelry, Etc.",SE
29136,2003-01-01,9999-99-99,EDGE ENTERPRISES INC,EXP,REDACTED_ADDRESS,REDACTED_CITY,KS,00000,0,037,"Amusement, Decorations, Entertainment, Gifts, Toys, Etc.",MW
29205,2003-01-01,9999-99-99,EDMUNDS WASTE REMOVAL INC,EXP,REDACTED_ADDRESS,REDACTED_CITY,VA,00000,0,075,Automotive Shop And Related Equipment And Supplies,SE
29619,2003-01-01,9999-99-99,ELECTRIC MOTOR & CONTRACTING CO INC,EXP,REDACTED_ADDRESS,REDACTED_CITY,VA,00000,0,031,"Air Conditioning, Heating, And Ventilating Equipment, Parts And",SE
29629,2003-01-01,9999-99-99,ELECTRICAL EQUIPMENT COMPANY,EXP,REDACTED_ADDRESS,REDACTED_CITY,VA,00000,0,031,"Air Conditioning, Heating, And Ventilating Equipment, Parts And",SE
29642,2003-01-01,9999-99-99,ELECTRON MICROSCOPY SCIENCES,EXP,REDACTED_ADDRESS,REDACTED_CITY,PA,00000,0,005,Abrasives,NE
29658,2003-01-01,9999-99-99,ELECTRONIC SYSTEMS INC,EXP,REDACTED_ADDRESS,REDACTED_CITY,VA,00000,0,055,"Automotive Accessories For Automobiles, Buses, Trailers, Trucks,",SE
29689,2003-01-01,9999-99-99,ELEVEN WEST INC,EXP,REDACTED_ADDRESS,REDACTED_CITY,VA,00000,0,037,"Amusement, Decorations, Entertainment, Gifts, Toys, Etc.",SE
30125,2003-01-01,9999-99-99,EMBASSY AUTOWASH,EXP,REDACTED_ADDRESS,REDACTED_CITY,VA,00000,0,075,Automotive Shop And Related Equipment And Supplies,SE
30251,2003-01-01,9999-99-99,EMORY C COLLINS CO INC,EXP,REDACTED_ADDRESS,REDACTED_CITY,VA,00000,0,071,"Automobiles, School Buses, Suvs, And Vans (Including Diesel,",SE
30476,2003-01-01,9999-99-99,ENVIRO MECHANICAL SALES INC,EXP,REDACTED_ADDRESS,REDACTED_CITY,VA,00000,0,031,"Air Conditioning, Heating, And Ventilating Equipment, Parts And",SE
30539,2003-01-01,9999-99-99,EPES SUPPLY CO INC,EXP,REDACTED_ADDRESS,REDACTED_CITY,VA,00000,0,060,Automotive And Trailer Equipment And Parts,SE
31133,2003-01-01,9999-99-99,EVERGREEN ENTERPRISES INC,EXP,REDACTED_ADDRESS,REDACTED_CITY,VA,00000,0,037,"Amusement, Decorations, Entertainment, Gifts, Toys, Etc.",SE
31238,2003-01-01,9999-99-99,EXHIBITS INC,EXP,REDACTED_ADDRESS,REDACTED_CITY,VA,00000,0,037,"Amusement, Decorations, Entertainment, Gifts, Toys, Etc.",SE
31526,2003-01-01,9999-99-99,FAIRFAX COUNTY PUBLIC SCHOOLS,EXP,REDACTED_ADDRESS,REDACTED_CITY,VA,00000,0,055,"Automotive Accessories For Automobiles, Buses, Trailers, Trucks,",SE
31832,2003-01-01,9999-99-99,FARMLAND EQUIPMENT CORPORATION,EXP,REDACTED_ADDRESS,REDACTED_CITY,VA,00000,0,071,"Automobiles, School Buses, Suvs, And Vans (Including Diesel,",SE
31901,2003-01-01,9999-99-99,FASTENAL COMPANY,EXP,REDACTED_ADDRESS,REDACTED_CITY,VA,00000,0,060,Automotive And Trailer Equipment And Parts,SE
31908,2003-01-01,9999-99-99,FASTSIGNS,EXP,REDACTED_ADDRESS,REDACTED_CITY,VA,00000,0,080,"Badges, Awards, Emblems, Name Tags And Plates, Jewelry, Etc.",SE
32150,2003-01-01,9999-99-99,FERGUSON ENTERPRISES INC,EXP,REDACTED_ADDRESS,REDACTED_CITY,VA,00000,0,031,"Air Conditioning, Heating, And Ventilating Equipment, Parts And",SE
32282,2003-01-01,9999-99-99,FIDELITY ENGINEERING CORP,EXP,REDACTED_ADDRESS,REDACTED_CITY,MD,00000,0,060,Automotive And Trailer Equipment And Parts,NE
32284,2003-01-01,9999-99-99,FIDELITY PRINTING INC,EXP,REDACTED_ADDRESS,REDACTED_CITY,VA,00000,0,050,Art Equipment And Supplies,SE
32316,2003-01-01,9999-99-99,FIELDTEX PRODUCTS INC,EXP,REDACTED_ADDRESS,REDACTED_CITY,NY,00000,0,055,"Automotive Accessories For Automobiles, Buses, Trailers, Trucks,",NE
32340,2003-01-01,9999-99-99,FILMAKERS LIBRARY INC,EXP,REDACTED_ADDRESS,REDACTED_CITY,NY,00000,0,052,Art Objects,NE
32378,2003-01-01,9999-99-99,FINCH SERVICES INC,EXP,REDACTED_ADDRESS,REDACTED_CITY,MD,00000,0,060,Automotive And Trailer Equipment And Parts,NE
32534,2003-01-01,9999-99-99,FIRST PIEDMONT CORPORATION,EXP,REDACTED_ADDRESS,REDACTED_CITY,VA,00000,0,065,"Automotive And Trailer Bodies, Body Accessories, And Parts",SE
32604,2003-01-01,9999-99-99,FISHER AUTO PARTS INC,EXP,REDACTED_ADDRESS,REDACTED_CITY,VA,00000,0,075,Automotive Shop And Related Equipment And Supplies,SE
32631,2003-01-01,9999-99-99,FISHER SCIENTIFIC COMPANY LLC,EXP,REDACTED_ADDRESS,REDACTED_CITY,GA,00000,0,031,"Air Conditioning, Heating, And Ventilating Equipment, Parts And",SE
32769,2003-01-01,9999-99-99,FLEET BROTHERS INC,EXP,REDACTED_ADDRESS,REDACTED_CITY,VA,00000,0,022,Agricultural Equipment And Implement Parts,SE
32840,2003-01-01,9999-99-99,FLINN SCIENTIFIC INC,EXP,REDACTED_ADDRESS,REDACTED_CITY,IL,00000,0,015,"Addressing, Copying, Mimeograph, And Spirit Duplicating Machine",MW
33025,2003-01-01,9999-99-99,FMB LAUNDRY INC,EXP,REDACTED_ADDRESS,REDACTED_CITY,MD,00000,0,045,"Appliances And Equipment, Household Type",NE
33087,2003-01-01,9999-99-99,FOLLETT HIGHER EDUCATION GROUP INC,EXP,REDACTED_ADDRESS,REDACTED_CITY,IL,00000,0,037,"Amusement, Decorations, Entertainment, Gifts, Toys, Etc.",MW
33151,2003-01-01,9999-99-99,FOOD LION LLC,EXP,REDACTED_ADDRESS,REDACTED_CITY,VA,00000,0,080,"Badges, Awards, Emblems, Name Tags And Plates, Jewelry, Etc.",SE
33263,2003-01-01,9999-99-99,FORESTRY SUPPLIERS INC,EXP,REDACTED_ADDRESS,REDACTED_CITY,MS,00000,0,020,"Agricultural Equipment, Implements, And Accessories (See Class",SE
33990,2003-01-01,9999-99-99,FREEDOM FORD INC,EXP,REDACTED_ADDRESS,REDACTED_CITY,VA,00000,0,060,Automotive And Trailer Equipment And Parts,SE
34011,2003-01-01,9999-99-99,FREEMAN AUTO PARTS,EXP,REDACTED_ADDRESS,REDACTED_CITY,VA,00000,0,055,"Automotive Accessories For Automobiles, Buses, Trailers, Trucks,",SE
34035,2003-01-01,9999-99-99,FREESTYLE PHOTOGRAPHIC SUPPLIES,EXP,REDACTED_ADDRESS,REDACTED_CITY,CA,00000,0,050,Art Equipment And Supplies,W
34140,2003-01-01,9999-99-99,FRIENDSHIP INDUSTRIES INC,EXP,REDACTED_ADDRESS,REDACTED_CITY,VA,00000,0,037,"Amusement, Decorations, Entertainment, Gifts, Toys, Etc.",SE
34287,2003-01-01,9999-99-99,FULL COMPASS SYSTEMS LTD,EXP,REDACTED_ADDRESS,REDACTED_CITY,WI,00000,0,055,"Automotive Accessories For Automobiles, Buses, Trailers, Trucks,",MW
34477,2003-01-01,9999-99-99,G NEIL,EXP,REDACTED_ADDRESS,REDACTED_CITY,FL,00000,0,052,Art Objects,SE
35012,2003-01-01,9999-99-99,GASTON SECURITY INC,EXP,REDACTED_ADDRESS,REDACTED_CITY,VA,00000,0,055,"Automotive Accessories For Automobiles, Buses, Trailers, Trucks,",SE
35134,2003-01-01,9999-99-99,GAYLORD BROS,EXP,REDACTED_ADDRESS,REDACTED_CITY,NY,00000,0,050,Art Equipment And Supplies,NE
35864,2003-01-01,9999-99-99,GILBERT AUTO PARTS INC,EXP,REDACTED_ADDRESS,REDACTED_CITY,VA,00000,0,060,Automotive And Trailer Equipment And Parts,SE
36017,2003-01-01,9999-99-99,GILSON COMPANY INC,EXP,REDACTED_ADDRESS,REDACTED_CITY,OH,00000,0,031,"Air Conditioning, Heating, And Ventilating Equipment, Parts And",MW
36257,2003-01-01,9999-99-99,GLOBAL EQUIPMENT COMPANY,EXP,REDACTED_ADDRESS,REDACTED_CITY,NC,00000,0,031,"Air Conditioning, Heating, And Ventilating Equipment, Parts And",SE
36590,2003-01-01,9999-99-99,GOOCHLAND AUTO PARTS,EXP,REDACTED_ADDRESS,REDACTED_CITY,VA,00000,0,060,Automotive And Trailer Equipment And Parts,SE
36964,2003-01-01,9999-99-99,GRAINGER,EXP,REDACTED_ADDRESS,REDACTED_CITY,IL,00000,0,031,"Air Conditioning, Heating, And Ventilating Equipment, Parts And",MW
37022,2003-01-01,9999-99-99,GRANTS GLASS INC,EXP,REDACTED_ADDRESS,REDACTED_CITY,VA,00000,0,052,Art Objects,SE
37201,2003-01-01,9999-99-99,GREATER RICHMOND CHAMBER OF COMMERCE,EXP,REDACTED_ADDRESS,REDACTED_CITY,VA,00000,0,037,"Amusement, Decorations, Entertainment, Gifts, Toys, Etc.",SE
37703,2003-01-01,9999-99-99,GRIZZLY INDUSTRIAL INC,EXP,REDACTED_ADDRESS,REDACTED_CITY,WA,00000,0,075,Automotive Shop And Related Equipment And Supplies,W
37797,2003-01-01,9999-99-99,GRUBBS CHEVROLET INC,EXP,REDACTED_ADDRESS,REDACTED_CITY,VA,00000,0,072,"Trucks (Including, Diesel, Gasoline, Electric, Hybrid, And",SE
37923,2003-01-01,9999-99-99,GUILFORD PRESS,EXP,REDACTED_ADDRESS,REDACTED_CITY,NY,00000,0,037,"Amusement, Decorations, Entertainment, Gifts, Toys, Etc.",NE
37924,2003-01-01,9999-99-99,GUILFORD PUBLICATIONS INC,EXP,REDACTED_ADDRESS,REDACTED_CITY,NY,00000,0,037,"Amusement, Decorations, Entertainment, Gifts, Toys, Etc.",NE
38402,2003-01-01,9999-99-99,HAJOCA CORPORATION,EXP,REDACTED_ADDRESS,REDACTED_CITY,VA,00000,0,031,"Air Conditioning, Heating, And Ventilating Equipment, Parts And",SE
38761,2003-01-01,9999-99-99,HAMPTON COLLISION CENTER INC,EXP,REDACTED_ADDRESS,REDACTED_CITY,VA,00000,0,065,"Automotive And Trailer Bodies, Body Accessories, And Parts",SE
38951,2003-01-01,9999-99-99,HANDI-CLEAN PRODUCTS INC,EXP,REDACTED_ADDRESS,REDACTED_CITY,NC,00000,0,045,"Appliances And Equipment, Household Type",SE
39053,2003-01-01,9999-99-99,HANOVER TOOL INC,EXP,REDACTED_ADDRESS,REDACTED_CITY,VA,00000,0,075,Automotive Shop And Related Equipment And Supplies,SE
39208,2003-01-01,9999-99-99,HARLAN TEKLAD,EXP,REDACTED_ADDRESS,REDACTED_CITY,IN,00000,0,040,"Animals, Birds, Marine Life, And Poultry, Live, (Including Accessory",MW
39421,2003-01-01,9999-99-99,HARRIS TEETER,EXP,REDACTED_ADDRESS,REDACTED_CITY,VA,00000,0,037,"Amusement, Decorations, Entertainment, Gifts, Toys, Etc.",SE
39528,2003-01-01,9999-99-99,HARRISONBURG AUTORAMA INC,EXP,REDACTED_ADDRESS,REDACTED_CITY,VA,00000,0,071,"Automobiles, School Buses, Suvs, And Vans (Including Diesel,",SE
39534,2003-01-01,9999-99-99,HARRISONBURG CONSTRUCTION CO INC,EXP,REDACTED_ADDRESS,REDACTED_CITY,VA,00000,0,010,"Acoustical Tile, Insulating Materials, And Supplies",SE
39815,2003-01-01,9999-99-99,HATHAWAY INC,EXP,REDACTED_ADDRESS,REDACTED_CITY,VA,00000,0,015,"Addressing, Copying, Mimeograph, And Spirit Duplicating Machine",SE
40416,2003-01-01,9999-99-99,HELENA CHEMICAL CO,EXP,REDACTED_ADDRESS,REDACTED_CITY,SC,00000,0,020,"Agricultural Equipment, Implements, And Accessories (See Class",SE
40772,2003-01-01,9999-99-99,HERITAGE CHEVROLET INC,EXP,REDACTED_ADDRESS,REDACTED_CITY,VA,00000,0,055,"Automotive Accessories For Automobiles, Buses, Trailers, Trucks,",SE
40947,2003-01-01,9999-99-99,HIBBARDS IRON WORKS INC,EXP,REDACTED_ADDRESS,REDACTED_CITY,VA,00000,0,060,Automotive And Trailer Equipment And Parts,SE
41102,2003-01-01,9999-99-99,HIGHWATER CLAYS INC,EXP,REDACTED_ADDRESS,REDACTED_CITY,NC,00000,0,050,Art Equipment And Supplies,SE
41105,2003-01-01,9999-99-99,HIGHWAY MOTORS INC,EXP,REDACTED_ADDRESS,REDACTED_CITY,VA,00000,0,060,Automotive And Trailer Equipment And Parts,SE
41107,2003-01-01,9999-99-99,HIGHWAY SAFETY SUPPLY INC,EXP,REDACTED_ADDRESS,REDACTED_CITY,VA,00000,0,055,"Automotive Accessories For Automobiles, Buses, Trailers, Trucks,",SE
41328,2003-01-01,9999-99-99,HISTORIC DEERFIELD INC,EXP,REDACTED_ADDRESS,REDACTED_CITY,MA,00000,0,037,"Amusement, Decorations, Entertainment, Gifts, Toys, Etc.",NE
41379,2003-01-01,9999-99-99,HOBART CORPORATION,EXP,REDACTED_ADDRESS,REDACTED_CITY,VA,00000,0,031,"Air Conditioning, Heating, And Ventilating Equipment, Parts And",SE
41389,2003-01-01,9999-99-99,HOBBS & ASSOCIATES INC,EXP,REDACTED_ADDRESS,REDACTED_CITY,VA,00000,0,031,"Air Conditioning, Heating, And Ventilating Equipment, Parts And",SE
41469,2003-01-01,9999-99-99,HOFFMAN & HOFFMAN INC,EXP,REDACTED_ADDRESS,REDACTED_CITY,NC,00000,0,031,"Air Conditioning, Heating, And Ventilating Equipment, Parts And",SE
41924,2003-01-01,9999-99-99,HONEYWELL INTERNATIONAL INC,EXP,REDACTED_ADDRESS,REDACTED_CITY,VA,00000,0,031,"Air Conditioning, Heating, And Ventilating Equipment, Parts And",SE
42060,2003-01-01,9999-99-99,HORIZON PRODUCTS,EXP,REDACTED_ADDRESS,REDACTED_CITY,MA,00000,0,045,"Appliances And Equipment, Household Type",NE
42249,2003-01-01,9999-99-99,HOWARD UNIFORM COMPANY,EXP,REDACTED_ADDRESS,REDACTED_CITY,MD,00000,0,080,"Badges, Awards, Emblems, Name Tags And Plates, Jewelry, Etc.",NE
42476,2003-01-01,9999-99-99,HUDSON-PAYNE ELECTRONICS CORPORATION,EXP,REDACTED_ADDRESS,REDACTED_CITY,VA,00000,0,075,Automotive Shop And Related Equipment And Supplies,SE
42653,2003-01-01,9999-99-99,HUMPHRYS TEXTILE PRODUCTS,EXP,REDACTED_ADDRESS,REDACTED_CITY,PA,00000,0,050,Art Equipment And Supplies,NE
42865,2003-01-01,9999-99-99,HYDRAULIC SERVICE CO INC,EXP,REDACTED_ADDRESS,REDACTED_CITY,VA,00000,0,075,Automotive Shop And Related Equipment And Supplies,SE
43031,2003-01-01,9999-99-99,IDAMERICA,EXP,REDACTED_ADDRESS,REDACTED_CITY,VA,00000,0,037,"Amusement, Decorations, Entertainment, Gifts, Toys, Etc.",SE
43226,2003-01-01,9999-99-99,IMPRESSIONS INC,EXP,REDACTED_ADDRESS,REDACTED_CITY,VA,00000,0,037,"Amusement, Decorations, Entertainment, Gifts, Toys, Etc.",SE
43356,2003-01-01,9999-99-99,INDUSTRIES FOR THE BLIND INC,EXP,REDACTED_ADDRESS,REDACTED_CITY,WI,00000,0,037,"Amusement, Decorations, Entertainment, Gifts, Toys, Etc.",MW
44487,2003-01-01,9999-99-99,J JENKINS SONS CO INC,EXP,REDACTED_ADDRESS,REDACTED_CITY,MD,00000,0,080,"Badges, Awards, Emblems, Name Tags And Plates, Jewelry, Etc.",NE
44556,2003-01-01,9999-99-99,J R THARPE TRUCKING CO INC,EXP,REDACTED_ADDRESS,REDACTED_CITY,VA,00000,0,085,"Bags, Bagging, Ties, And Erosion Sheeting, Etc.",SE
44949,2003-01-01,9999-99-99,JAMECO ELECTRONICS,EXP,REDACTED_ADDRESS,REDACTED_CITY,CA,00000,0,060,Automotive And Trailer Equipment And Parts,W
45272,2003-01-01,9999-99-99,JAMES RIVER COMPANIES LLC,EXP,REDACTED_ADDRESS,REDACTED_CITY,VA,00000,0,020,"Agricultural Equipment, Implements, And Accessories (See Class",SE
45294,2003-01-01,9999-99-99,JAMES RIVER EQUIPMENT VIRGINIA LLC,EXP,REDACTED_ADDRESS,REDACTED_CITY,VA,00000,0,020,"Agricultural Equipment, Implements, And Accessories (See Class",SE
46342,2003-01-01,9999-99-99,JEPPESEN SANDERSON INC,EXP,REDACTED_ADDRESS,REDACTED_CITY,CO,00000,0,035,"Aircraft And Airport Equipment, Parts, And Supplies",SW
46438,2003-01-01,9999-99-99,JERRYS FORD SALES INC,EXP,REDACTED_ADDRESS,REDACTED_CITY,VA,00000,0,060,Automotive And Trailer Equipment And Parts,SE
46574,2003-01-01,9999-99-99,JIM COLEMAN LTD,EXP,REDACTED_ADDRESS,REDACTED_CITY,IL,00000,0,037,"Amusement, Decorations, Entertainment, Gifts, Toys, Etc.",MW
46807,2003-01-01,9999-99-99,JOE BOWMAN CHEVROLET INC,EXP,REDACTED_ADDRESS,REDACTED_CITY,VA,00000,0,065,"Automotive And Trailer Bodies, Body Accessories, And Parts",SE
47667,2003-01-01,9999-99-99,JOHNSTONE SUPPLY,EXP,REDACTED_ADDRESS,REDACTED_CITY,VA,00000,0,031,"Air Conditioning, Heating, And Ventilating Equipment, Parts And",SE
47861,2003-01-01,9999-99-99,JONES SCHOOL SUPPLY COMPANY,EXP,REDACTED_ADDRESS,REDACTED_CITY,SC,00000,0,080,"Badges, Awards, Emblems, Name Tags And Plates, Jewelry, Etc.",SE
48231,2003-01-01,9999-99-99,JOSTENS INC,EXP,REDACTED_ADDRESS,REDACTED_CITY,MN,00000,0,080,"Badges, Awards, Emblems, Name Tags And Plates, Jewelry, Etc.",MW
48805,2003-01-01,9999-99-99,KAESER AND BLAIR INC,EXP,REDACTED_ADDRESS,REDACTED_CITY,OH,00000,0,037,"Amusement, Decorations, Entertainment, Gifts, Toys, Etc.",MW
49835,2003-01-01,9999-99-99,KENBRIDGE OFFICE & SCHOOL SUPPLY,EXP,REDACTED_ADDRESS,REDACTED_CITY,VA,00000,0,050,Art Equipment And Supplies,SE
50226,2003-01-01,9999-99-99,KEY OFFICE SUPPLY INC,EXP,REDACTED_ADDRESS,REDACTED_CITY,VA,00000,0,050,Art Equipment And Supplies,SE
50467,2003-01-01,9999-99-99,KIMBALL MIDWEST,EXP,REDACTED_ADDRESS,REDACTED_CITY,OH,00000,0,071,"Automobiles, School Buses, Suvs, And Vans (Including Diesel,",MW
50823,2003-01-01,9999-99-99,KIRBY-VASS INSULATION INC,EXP,REDACTED_ADDRESS,REDACTED_CITY,VA,00000,0,010,"Acoustical Tile, Insulating Materials, And Supplies",SE
51588,2003-01-01,9999-99-99,KURT J LESKER CO,EXP,REDACTED_ADDRESS,REDACTED_CITY,PA,00000,0,031,"Air Conditioning, Heating, And Ventilating Equipment, Parts And",NE
51874,2003-01-01,9999-99-99,LAERDAL MEDICAL CORPORATION,EXP,REDACTED_ADDRESS,REDACTED_CITY,NY,00000,0,052,Art Objects,NE
52019,2003-01-01,9999-99-99,LAMINATION SERVICE INC,EXP,REDACTED_ADDRESS,REDACTED_CITY,TN,00000,0,080,"Badges, Awards, Emblems, Name Tags And Plates, Jewelry, Etc.",SE
52075,2003-01-01,9999-99-99,LAND & COATES INC,EXP,REDACTED_ADDRESS,REDACTED_CITY,VA,00000,0,022,Agricultural Equipment And Implement Parts,SE
52140,2003-01-01,9999-99-99,LANDSCAPE SUPPLY INC,EXP,REDACTED_ADDRESS,REDACTED_CITY,VA,00000,0,020,"Agricultural Equipment, Implements, And Accessories (See Class",SE
52158,2003-01-01,9999-99-99,LANE ENTERPRISES INC,EXP,REDACTED_ADDRESS,REDACTED_CITY,VA,00000,0,010,"Acoustical Tile, Insulating Materials, And Supplies",SE
52426,2003-01-01,9999-99-99,LASERSERV INC,EXP,REDACTED_ADDRESS,REDACTED_CITY,VA,00000,0,015,"Addressing, Copying, Mimeograph, And Spirit Duplicating Machine",SE
52757,2003-01-01,9999-99-99,LAWRENCE SANITARY COMPANY INC,EXP,REDACTED_ADDRESS,REDACTED_CITY,VA,00000,0,045,"Appliances And Equipment, Household Type",SE
52759,2003-01-01,9999-99-99,LAWRENCE TRANSPORTATION SYSTEMS INC,EXP,REDACTED_ADDRESS,REDACTED_CITY,VA,00000,0,060,Automotive And Trailer Equipment And Parts,SE
52775,2003-01-01,9999-99-99,LAWRENCEVILLE AUTO PARTS,EXP,REDACTED_ADDRESS,REDACTED_CITY,VA,00000,0,060,Automotive And Trailer Equipment And Parts,SE
52776,2003-01-01,9999-99-99,LAWRENCEVILLE BUILDING SUPPLY INC,EXP,REDACTED_ADDRESS,REDACTED_CITY,VA,00000,0,085,"Bags, Bagging, Ties, And Erosion Sheeting, Etc.",SE
52797,2003-01-01,9999-99-99,LAWSON PRODUCTS INC,EXP,REDACTED_ADDRESS,REDACTED_CITY,OH,00000,0,075,Automotive Shop And Related Equipment And Supplies,MW
52865,2003-01-01,9999-99-99,LDA CREATIONS INC,EXP,REDACTED_ADDRESS,REDACTED_CITY,VA,00000,0,037,"Amusement, Decorations, Entertainment, Gifts, Toys, Etc.",SE
53030,2003-01-01,9999-99-99,LEE HARTMAN AND SONS INC,EXP,REDACTED_ADDRESS,REDACTED_CITY,VA,00000,0,075,Automotive Shop And Related Equipment And Supplies,SE
54226,2003-01-01,9999-99-99,LINDENMEYR MUNROE,EXP,REDACTED_ADDRESS,REDACTED_CITY,VA,00000,0,050,Art Equipment And Supplies,SE
54493,2003-01-01,9999-99-99,LISKEY & SONS PRINTING INC,EXP,REDACTED_ADDRESS,REDACTED_CITY,VA,00000,0,052,Art Objects,SE
55217,2003-01-01,9999-99-99,LOVINGS PRODUCE CO INC,EXP,REDACTED_ADDRESS,REDACTED_CITY,VA,00000,0,019,"Agricultural Crops And Grains Including Fruits, Melons, Nuts, And",SE
55275,2003-01-01,9999-99-99,LOWES COMPANIES INC,EXP,REDACTED_ADDRESS,REDACTED_CITY,VA,00000,0,060,Automotive And Trailer Equipment And Parts,SE
55286,2003-01-01,9999-99-99,LOWES,EXP,REDACTED_ADDRESS,REDACTED_CITY,VA,00000,0,060,Automotive And Trailer Equipment And Parts,SE
55508,2003-01-01,9999-99-99,LURAY CAVERNS,EXP,REDACTED_ADDRESS,REDACTED_CITY,VA,00000,0,037,"Amusement, Decorations, Entertainment, Gifts, Toys, Etc.",SE
55661,2003-01-01,9999-99-99,LYNCHBURG SPECIALTY ENGRAVING,EXP,REDACTED_ADDRESS,REDACTED_CITY,VA,00000,0,080,"Badges, Awards, Emblems, Name Tags And Plates, Jewelry, Etc.",SE
55937,2003-01-01,9999-99-99,MAC MANNES INC,EXP,REDACTED_ADDRESS,REDACTED_CITY,MD,00000,0,080,"Badges, Awards, Emblems, Name Tags And Plates, Jewelry, Etc.",NE
55943,2003-01-01,9999-99-99,MAC TOOLS,EXP,REDACTED_ADDRESS,REDACTED_CITY,OH,00000,0,075,Automotive Shop And Related Equipment And Supplies,MW
56047,2003-01-01,9999-99-99,MACROSEAL INC,EXP,REDACTED_ADDRESS,REDACTED_CITY,VA,00000,0,031,"Air Conditioning, Heating, And Ventilating Equipment, Parts And",SE
56163,2003-01-01,9999-99-99,MAGIC INDUSTRIES INC,EXP,REDACTED_ADDRESS,REDACTED_CITY,VA,00000,0,037,"Amusement, Decorations, Entertainment, Gifts, Toys, Etc.",SE
56558,2003-01-01,9999-99-99,MANSFIELD OIL COMPANY,EXP,REDACTED_ADDRESS,REDACTED_CITY,GA,00000,0,071,"Automobiles, School Buses, Suvs, And Vans (Including Diesel,",SE
58479,2003-01-01,9999-99-99,MAXI AIDS INC,EXP,REDACTED_ADDRESS,REDACTED_CITY,NY,00000,0,037,"Amusement, Decorations, Entertainment, Gifts, Toys, Etc.",NE
58600,2003-01-01,9999-99-99,MBC PRECISION IMAGING,EXP,REDACTED_ADDRESS,REDACTED_CITY,MD,00000,0,035,"Aircraft And Airport Equipment, Parts, And Supplies",NE
59143,2003-01-01,9999-99-99,MCKESSON MEDICAL SURGICAL INC,EXP,REDACTED_ADDRESS,REDACTED_CITY,VA,00000,0,052,Art Objects,SE
59257,2003-01-01,9999-99-99,MCMASTER-CARR SUPPLY CO,EXP,REDACTED_ADDRESS,REDACTED_CITY,NJ,00000,0,060,Automotive And Trailer Equipment And Parts,NE
59723,2003-01-01,9999-99-99,MEDLINE INDUSTRIES INC,EXP,REDACTED_ADDRESS,REDACTED_CITY,IL,00000,0,045,"Appliances And Equipment, Household Type",MW
60026,2003-01-01,9999-99-99,MEMBER BENEFITS INC,EXP,REDACTED_ADDRESS,REDACTED_CITY,NH,00000,0,037,"Amusement, Decorations, Entertainment, Gifts, Toys, Etc.",NE
60114,2003-01-01,9999-99-99,MERCEDES BENZ OF ALEXANDRIA,EXP,REDACTED_ADDRESS,REDACTED_CITY,VA,00000,0,060,Automotive And Trailer Equipment And Parts,SE
60291,2003-01-01,9999-99-99,METAL PROCESSING INC,EXP,REDACTED_ADDRESS,REDACTED_CITY,VA,00000,0,031,"Air Conditioning, Heating, And Ventilating Equipment, Parts And",SE
60292,2003-01-01,9999-99-99,METALCRAFT INC,EXP,REDACTED_ADDRESS,REDACTED_CITY,IA,00000,0,080,"Badges, Awards, Emblems, Name Tags And Plates, Jewelry, Etc.",MW
60519,2003-01-01,9999-99-99,MICHAEL C ROBERTS,EXP,REDACTED_ADDRESS,REDACTED_CITY,VA,00000,0,052,Art Objects,SE
61034,2003-01-01,9999-99-99,MID ATLANTIC IRRIGATION CO INC,EXP,REDACTED_ADDRESS,REDACTED_CITY,VA,00000,0,022,Agricultural Equipment And Implement Parts,SE
61069,2003-01-01,9999-99-99,MID VALLEY PRESS,EXP,REDACTED_ADDRESS,REDACTED_CITY,VA,00000,0,037,"Amusement, Decorations, Entertainment, Gifts, Toys, Etc.",SE
61088,2003-01-01,9999-99-99,MID-ATLANTIC WASTE SYSTEMS,EXP,REDACTED_ADDRESS,REDACTED_CITY,MD,00000,0,060,Automotive And Trailer Equipment And Parts,NE
61373,2003-01-01,9999-99-99,MILLER HARDWARE INC,EXP,REDACTED_ADDRESS,REDACTED_CITY,VA,00000,0,055,"Automotive Accessories For Automobiles, Buses, Trailers, Trucks,",SE
61542,2003-01-01,9999-99-99,MILO C COCKERHAM INC,EXP,REDACTED_ADDRESS,REDACTED_CITY,VA,00000,0,055,"Automotive Accessories For Automobiles, Buses, Trailers, Trucks,",SE
61610,2003-01-01,9999-99-99,MINI-CIRCUITS,EXP,REDACTED_ADDRESS,REDACTED_CITY,NY,00000,0,060,Automotive And Trailer Equipment And Parts,NE
61719,2003-01-01,9999-99-99,MISH MISH INC,EXP,REDACTED_ADDRESS,REDACTED_CITY,VA,00000,0,050,Art Equipment And Supplies,SE
61766,2003-01-01,9999-99-99,MITCHELL 1,EXP,REDACTED_ADDRESS,REDACTED_CITY,CA,00000,0,060,Automotive And Trailer Equipment And Parts,W
62781,2003-01-01,9999-99-99,MOTIVE POWER INC,EXP,REDACTED_ADDRESS,REDACTED_CITY,VA,00000,0,071,"Automobiles, School Buses, Suvs, And Vans (Including Diesel,",SE
62801,2003-01-01,9999-99-99,MOTORCYCLE SAFETY FOUNDATION,EXP,REDACTED_ADDRESS,REDACTED_CITY,CA,00000,0,080,"Badges, Awards, Emblems, Name Tags And Plates, Jewelry, Etc.",W
62915,2003-01-01,9999-99-99,MOUSER ELECTRONICS INC,EXP,REDACTED_ADDRESS,REDACTED_CITY,TX,00000,0,060,Automotive And Trailer Equipment And Parts,SW
63076,2003-01-01,9999-99-99,MSC EQUIPMENT INC,EXP,REDACTED_ADDRESS,REDACTED_CITY,VA,00000,0,022,Agricultural Equipment And Implement Parts,SE
63078,2003-01-01,9999-99-99,MSC INDUSTRIAL SUPPLY CO,EXP,REDACTED_ADDRESS,REDACTED_CITY,NY,00000,0,005,Abrasives,NE
63555,2003-01-01,9999-99-99,N D ASSOCIATES INC,EXP,REDACTED_ADDRESS,REDACTED_CITY,VA,00000,0,031,"Air Conditioning, Heating, And Ventilating Equipment, Parts And",SE
63652,2003-01-01,9999-99-99,NAEYC,EXP,REDACTED_ADDRESS,REDACTED_CITY,DC,00000,0,037,"Amusement, Decorations, Entertainment, Gifts, Toys, Etc.",NE
63663,2003-01-01,9999-99-99,NAFSA,EXP,REDACTED_ADDRESS,REDACTED_CITY,DC,00000,0,052,Art Objects,NE
63952,2003-01-01,9999-99-99,NASCO,EXP,REDACTED_ADDRESS,REDACTED_CITY,WI,00000,0,037,"Amusement, Decorations, Entertainment, Gifts, Toys, Etc.",MW
64152,2003-01-01,9999-99-99,NATIONAL BAND & TAG COMPANY,EXP,REDACTED_ADDRESS,REDACTED_CITY,KY,00000,0,040,"Animals, Birds, Marine Life, And Poultry, Live, (Including Accessory",SE
64157,2003-01-01,9999-99-99,NATIONAL BOOK NETWORK,EXP,REDACTED_ADDRESS,REDACTED_CITY,PA,00000,0,037,"Amusement, Decorations, Entertainment, Gifts, Toys, Etc.",NE
64373,2003-01-01,9999-99-99,NATIONAL POOLS OF ROANOKE INC,EXP,REDACTED_ADDRESS,REDACTED_CITY,VA,00000,0,031,"Air Conditioning, Heating, And Ventilating Equipment, Parts And",SE
64609,2003-01-01,9999-99-99,NB HANDY CO,EXP,REDACTED_ADDRESS,REDACTED_CITY,VA,00000,0,031,"Air Conditioning, Heating, And Ventilating Equipment, Parts And",SE
64664,2003-01-01,9999-99-99,NCS PEARSON INC,EXP,REDACTED_ADDRESS,REDACTED_CITY,TX,00000,0,031,"Air Conditioning, Heating, And Ventilating Equipment, Parts And",SW
64724,2003-01-01,9999-99-99,NECESSARY OIL COMPANY,EXP,REDACTED_ADDRESS,REDACTED_CITY,TN,00000,0,075,Automotive Shop And Related Equipment And Supplies,SE
65140,2003-01-01,9999-99-99,NEW RIVER OFFICE SUPPLY INC,EXP,REDACTED_ADDRESS,REDACTED_CITY,VA,00000,0,050,Art Equipment And Supplies,SE
65359,2003-01-01,9999-99-99,NEWTON OFFICE SUPPLY,EXP,REDACTED_ADDRESS,REDACTED_CITY,VA,00000,0,080,"Badges, Awards, Emblems, Name Tags And Plates, Jewelry, Etc.",SE
65497,2003-01-01,9999-99-99,NICHOLSON AUTO PARTS INC,EXP,REDACTED_ADDRESS,REDACTED_CITY,VA,00000,0,060,Automotive And Trailer Equipment And Parts,SE
65618,2003-01-01,9999-99-99,NIRSA,EXP,REDACTED_ADDRESS,REDACTED_CITY,OR,00000,0,080,"Badges, Awards, Emblems, Name Tags And Plates, Jewelry, Etc.",W
65687,2003-01-01,9999-99-99,NOBLE OIL SERVICES INC,EXP,REDACTED_ADDRESS,REDACTED_CITY,NC,00000,0,075,Automotive Shop And Related Equipment And Supplies,SE
65734,2003-01-01,9999-99-99,NOLAND CO,EXP,REDACTED_ADDRESS,REDACTED_CITY,OH,00000,0,031,"Air Conditioning, Heating, And Ventilating Equipment, Parts And",MW
66059,2003-01-01,9999-99-99,NORTHERN TOOL & EQUIPMENT,EXP,REDACTED_ADDRESS,REDACTED_CITY,MN,00000,0,075,Automotive Shop And Related Equipment And Supplies,MW
66162,2003-01-01,9999-99-99,NORTHWEST HARDWARE CO INC,EXP,REDACTED_ADDRESS,REDACTED_CITY,VA,00000,0,010,"Acoustical Tile, Insulating Materials, And Supplies",SE
66297,2003-01-01,9999-99-99,NOVELTIES UNLIMITED INC,EXP,REDACTED_ADDRESS,REDACTED_CITY,VA,00000,0,037,"Amusement, Decorations, Entertainment, Gifts, Toys, Etc.",SE
66339,2003-01-01,9999-99-99,NSCA,EXP,REDACTED_ADDRESS,REDACTED_CITY,CO,00000,0,080,"Badges, Awards, Emblems, Name Tags And Plates, Jewelry, Etc.",SW
66755,2003-01-01,9999-99-99,OFFICE DEPOT INC,EXP,REDACTED_ADDRESS,REDACTED_CITY,MD,00000,0,015,"Addressing, Copying, Mimeograph, And Spirit Duplicating Machine",NE
66797,2003-01-01,9999-99-99,OFFICE PRODUCTS INC,EXP,REDACTED_ADDRESS,REDACTED_CITY,VA,00000,0,010,"Acoustical Tile, Insulating Materials, And Supplies",SE
66811,2003-01-01,9999-99-99,OFFICEMAX INC,EXP,REDACTED_ADDRESS,REDACTED_CITY,VA,00000,0,015,"Addressing, Copying, Mimeograph, And Spirit Duplicating Machine",SE
66967,2003-01-01,9999-99-99,OLD DOMINION TRACTOR AND EQ CO INC,EXP,REDACTED_ADDRESS,REDACTED_CITY,VA,00000,0,022,Agricultural Equipment And Implement Parts,SE
67121,2003-01-01,9999-99-99,OMEGA ENGINEERING INC,EXP,REDACTED_ADDRESS,REDACTED_CITY,CT,00000,0,031,"Air Conditioning, Heating, And Ventilating Equipment, Parts And",NE
67374,2003-01-01,9999-99-99,ORIENTAL TRADING COMPANY,EXP,REDACTED_ADDRESS,REDACTED_CITY,NE,00000,0,037,"Amusement, Decorations, Entertainment, Gifts, Toys, Etc.",MW
68216,2003-01-01,9999-99-99,PAPCO INC,EXP,REDACTED_ADDRESS,REDACTED_CITY,VA,00000,0,035,"Aircraft And Airport Equipment, Parts, And Supplies",SE
68229,2003-01-01,9999-99-99,PAPER DIRECT,EXP,REDACTED_ADDRESS,REDACTED_CITY,CO,00000,0,080,"Badges, Awards, Emblems, Name Tags And Plates, Jewelry, Etc.",SW
68272,2003-01-01,9999-99-99,PARAMOUNT KINGS DOMINION,EXP,REDACTED_ADDRESS,REDACTED_CITY,VA,00000,0,037,"Amusement, Decorations, Entertainment, Gifts, Toys, Etc.",SE
68552,2003-01-01,9999-99-99,PARTY CITY,EXP,REDACTED_ADDRESS,REDACTED_CITY,VA,00000,0,037,"Amusement, Decorations, Entertainment, Gifts, Toys, Etc.",SE
68558,2003-01-01,9999-99-99,PASCAL TECHNOLOGIES INC,EXP,REDACTED_ADDRESS,REDACTED_CITY,VA,00000,0,031,"Air Conditioning, Heating, And Ventilating Equipment, Parts And",SE
68564,2003-01-01,9999-99-99,PASCO SCIENTIFIC,EXP,REDACTED_ADDRESS,REDACTED_CITY,CA,00000,0,037,"Amusement, Decorations, Entertainment, Gifts, Toys, Etc.",W
68950,2003-01-01,9999-99-99,PATTERSON DENTAL SUPPLY INC,EXP,REDACTED_ADDRESS,REDACTED_CITY,VA,00000,0,025,Air Compressors And Accessories,SE
69004,2003-01-01,9999-99-99,PATTONS INC,EXP,REDACTED_ADDRESS,REDACTED_CITY,VA,00000,0,025,Air Compressors And Accessories,SE
69228,2003-01-01,9999-99-99,PAXTON CO,EXP,REDACTED_ADDRESS,REDACTED_CITY,VA,00000,0,075,Automotive Shop And Related Equipment And Supplies,SE
69323,2003-01-01,9999-99-99,PC NAMETAG,EXP,REDACTED_ADDRESS,REDACTED_CITY,WI,00000,0,080,"Badges, Awards, Emblems, Name Tags And Plates, Jewelry, Etc.",MW
69639,2003-01-01,9999-99-99,PENINSULA ELECTRIC MOTOR INC,EXP,REDACTED_ADDRESS,REDACTED_CITY,VA,00000,0,031,"Air Conditioning, Heating, And Ventilating Equipment, Parts And",SE
70146,2003-01-01,9999-99-99,PETSMART INC,EXP,REDACTED_ADDRESS,REDACTED_CITY,AZ,00000,0,040,"Animals, Birds, Marine Life, And Poultry, Live, (Including Accessory",SW
70649,2003-01-01,9999-99-99,PIEDMONT FRESH LLC,EXP,REDACTED_ADDRESS,REDACTED_CITY,VA,00000,0,019,"Agricultural Crops And Grains Including Fruits, Melons, Nuts, And",SE
70817,2003-01-01,9999-99-99,PING,EXP,REDACTED_ADDRESS,REDACTED_CITY,AZ,00000,0,085,"Bags, Bagging, Ties, And Erosion Sheeting, Etc.",SW
70875,2003-01-01,9999-99-99,PITNEY BOWES INC,EXP,REDACTED_ADDRESS,REDACTED_CITY,VA,00000,0,015,"Addressing, Copying, Mimeograph, And Spirit Duplicating Machine",SE
71042,2003-01-01,9999-99-99,PLEASANTS HARDWARE INC,EXP,REDACTED_ADDRESS,REDACTED_CITY,VA,00000,0,031,"Air Conditioning, Heating, And Ventilating Equipment, Parts And",SE
71316,2003-01-01,9999-99-99,PORT SUPPLY,EXP,REDACTED_ADDRESS,REDACTED_CITY,CA,00000,0,055,"Automotive Accessories For Automobiles, Buses, Trailers, Trucks,",W
71404,2003-01-01,9999-99-99,POSITIVE PROMOTIONS,EXP,REDACTED_ADDRESS,REDACTED_CITY,NY,00000,0,037,"Amusement, Decorations, Entertainment, Gifts, Toys, Etc.",NE
71611,2003-01-01,9999-99-99,POWER MECHANICAL INC,EXP,REDACTED_ADDRESS,REDACTED_CITY,VA,00000,0,031,"Air Conditioning, Heating, And Ventilating Equipment, Parts And",SE
71632,2003-01-01,9999-99-99,POWERS AUTO PARTS INC,EXP,REDACTED_ADDRESS,REDACTED_CITY,VA,00000,0,060,Automotive And Trailer Equipment And Parts,SE
71635,2003-01-01,9999-99-99,POWERS BUSINESS MACHINES INC,EXP,REDACTED_ADDRESS,REDACTED_CITY,VA,00000,0,050,Art Equipment And Supplies,SE
71799,2003-01-01,9999-99-99,PRECISION TANK SERVICE INC,EXP,REDACTED_ADDRESS,REDACTED_CITY,NC,00000,0,055,"Automotive Accessories For Automobiles, Buses, Trailers, Trucks,",SE
71962,2003-01-01,9999-99-99,PRICE SUPPLY CO INC,EXP,REDACTED_ADDRESS,REDACTED_CITY,VA,00000,0,060,Automotive And Trailer Equipment And Parts,SE
72162,2003-01-01,9999-99-99,PRINT SOURCE,EXP,REDACTED_ADDRESS,REDACTED_CITY,VA,00000,0,037,"Amusement, Decorations, Entertainment, Gifts, Toys, Etc.",SE
72191,2003-01-01,9999-99-99,PRINTING SERVICES INC,EXP,REDACTED_ADDRESS,REDACTED_CITY,VA,00000,0,040,"Animals, Birds, Marine Life, And Poultry, Live, (Including Accessory",SE
72260,2003-01-01,9999-99-99,PRO CHEM INC,EXP,REDACTED_ADDRESS,REDACTED_CITY,GA,00000,0,045,"Appliances And Equipment, Household Type",SE
72334,2003-01-01,9999-99-99,PROFESSIONAL COMMUNICATIONS,EXP,REDACTED_ADDRESS,REDACTED_CITY,VA,00000,0,055,"Automotive Accessories For Automobiles, Buses, Trailers, Trucks,",SE
72476,2003-01-01,9999-99-99,PROMOTIONAL CONSIDERATIONS,EXP,REDACTED_ADDRESS,REDACTED_CITY,VA,00000,0,037,"Amusement, Decorations, Entertainment, Gifts, Toys, Etc.",SE
72639,2003-01-01,9999-99-99,PSYCHOLOGICAL ASSESSMENT RESOURCES INC,EXP,REDACTED_ADDRESS,REDACTED_CITY,FL,00000,0,031,"Air Conditioning, Heating, And Ventilating Equipment, Parts And",SE
72834,2003-01-01,9999-99-99,PURVIS FORD INC,EXP,REDACTED_ADDRESS,REDACTED_CITY,VA,00000,0,060,Automotive And Trailer Equipment And Parts,SE
73035,2003-01-01,9999-99-99,QUARLES PETROLEUM INC,EXP,REDACTED_ADDRESS,REDACTED_CITY,VA,00000,0,071,"Automobiles, School Buses, Suvs, And Vans (Including Diesel,",SE
73042,2003-01-01,9999-99-99,QUARTERMASTER POLICE SUPPLY,EXP,REDACTED_ADDRESS,REDACTED_CITY,VA,00000,0,080,"Badges, Awards, Emblems, Name Tags And Plates, Jewelry, Etc.",SE
73285,2003-01-01,9999-99-99,R K CHEVROLET INC,EXP,REDACTED_ADDRESS,REDACTED_CITY,VA,00000,0,071,"Automobiles, School Buses, Suvs, And Vans (Including Diesel,",SE
73333,2003-01-01,9999-99-99,R S MONGER AND SONS INC,EXP,REDACTED_ADDRESS,REDACTED_CITY,VA,00000,0,050,Art Equipment And Supplies,SE
73448,2003-01-01,9999-99-99,RADFORD CITY FLORIST INC,EXP,REDACTED_ADDRESS,REDACTED_CITY,VA,00000,0,080,"Badges, Awards, Emblems, Name Tags And Plates, Jewelry, Etc.",SE
73484,2003-01-01,9999-99-99,RADIO COMMUNICATIONS OF VA INC,EXP,REDACTED_ADDRESS,REDACTED_CITY,VA,00000,0,055,"Automotive Accessories For Automobiles, Buses, Trailers, Trucks,",SE
73530,2003-01-01,9999-99-99,RADLEY CHEVROLET,EXP,REDACTED_ADDRESS,REDACTED_CITY,VA,00000,0,075,Automotive Shop And Related Equipment And Supplies,SE
74254,2003-01-01,9999-99-99,RE REPLACEMENT PARTS,EXP,REDACTED_ADDRESS,REDACTED_CITY,VA,00000,0,031,"Air Conditioning, Heating, And Ventilating Equipment, Parts And",SE
74584,2003-01-01,9999-99-99,REGAL ENTERTAINMENT GROUP,EXP,REDACTED_ADDRESS,REDACTED_CITY,TN,00000,0,037,"Amusement, Decorations, Entertainment, Gifts, Toys, Etc.",SE
74854,2003-01-01,9999-99-99,RENAISSANCE GRAPHIC ARTS INC,EXP,REDACTED_ADDRESS,REDACTED_CITY,PA,00000,0,050,Art Equipment And Supplies,NE
74902,2003-01-01,9999-99-99,RENNIES ADVERTISING IDEAS INC,EXP,REDACTED_ADDRESS,REDACTED_CITY,VA,00000,0,037,"Amusement, Decorations, Entertainment, Gifts, Toys, Etc.",SE
75194,2003-01-01,9999-99-99,REYNOLDS LIGHTING SUPPLY CO,EXP,REDACTED_ADDRESS,REDACTED_CITY,VA,00000,0,055,"Automotive Accessories For Automobiles, Buses, Trailers, Trucks,",SE
75746,2003-01-01,9999-99-99,RICHMOND CAMERA SHOP INC,EXP,REDACTED_ADDRESS,REDACTED_CITY,VA,00000,0,055,"Automotive Accessories For Automobiles, Buses, Trailers, Trucks,",SE
75880,2003-01-01,9999-99-99,RICHMOND SECURITY INC,EXP,REDACTED_ADDRESS,REDACTED_CITY,VA,00000,0,055,"Automotive Accessories For Automobiles, Buses, Trailers, Trucks,",SE
75996,2003-01-01,9999-99-99,RIDDLEBERGER BROTHERS INC,EXP,REDACTED_ADDRESS,REDACTED_CITY,VA,00000,0,031,"Air Conditioning, Heating, And Ventilating Equipment, Parts And",SE
76058,2003-01-01,9999-99-99,RIGGS OIL COMPANY,EXP,REDACTED_ADDRESS,REDACTED_CITY,VA,00000,0,075,Automotive Shop And Related Equipment And Supplies,SE
76124,2003-01-01,9999-99-99,RISCHARD MARKETING INC,EXP,REDACTED_ADDRESS,REDACTED_CITY,MN,00000,0,080,"Badges, Awards, Emblems, Name Tags And Plates, Jewelry, Etc.",MW
76273,2003-01-01,9999-99-99,RIVERSIDE PAPER SUPPLY COMPANY,EXP,REDACTED_ADDRESS,REDACTED_CITY,VA,00000,0,055,"Automotive Accessories For Automobiles, Buses, Trailers, Trucks,",SE
76279,2003-01-01,9999-99-99,RIVERSIDE PUBLISHING COMPANY,EXP,REDACTED_ADDRESS,REDACTED_CITY,IL,00000,0,031,"Air Conditioning, Heating, And Ventilating Equipment, Parts And",MW
76911,2003-01-01,9999-99-99,ROBERT W HAYES CO INC,EXP,REDACTED_ADDRESS,REDACTED_CITY,VA,00000,0,031,"Air Conditioning, Heating, And Ventilating Equipment, Parts And",SE
77003,2003-01-01,9999-99-99,ROBERTS OXYGEN COMPANY INC,EXP,REDACTED_ADDRESS,REDACTED_CITY,VA,00000,0,055,"Automotive Accessories For Automobiles, Buses, Trailers, Trucks,",SE
77291,2003-01-01,9999-99-99,ROCKBRIDGE FARMERS COOP INC,EXP,REDACTED_ADDRESS,REDACTED_CITY,VA,00000,0,060,Automotive And Trailer Equipment And Parts,SE
77368,2003-01-01,9999-99-99,ROCKY MOUNT TRACTOR,EXP,REDACTED_ADDRESS,REDACTED_CITY,VA,00000,0,071,"Automobiles, School Buses, Suvs, And Vans (Including Diesel,",SE
77441,2003-01-01,9999-99-99,RODZINA INDUSTRIES INC,EXP,REDACTED_ADDRESS,REDACTED_CITY,MI,00000,0,080,"Badges, Awards, Emblems, Name Tags And Plates, Jewelry, Etc.",MW
77643,2003-01-01,9999-99-99,RONALD A WILLIAMS LTD,EXP,REDACTED_ADDRESS,REDACTED_CITY,VA,00000,0,060,Automotive And Trailer Equipment And Parts,SE
78580,2003-01-01,9999-99-99,RUTHERFORD JANITOR SUPPLY,EXP,REDACTED_ADDRESS,REDACTED_CITY,VA,00000,0,045,"Appliances And Equipment, Household Type",SE
78655,2003-01-01,9999-99-99,RYDER ENGRAVING INC,EXP,REDACTED_ADDRESS,REDACTED_CITY,OH,00000,0,080,"Badges, Awards, Emblems, Name Tags And Plates, Jewelry, Etc.",MW
78711,2003-01-01,9999-99-99,S E BURKS SALES CO INC,EXP,REDACTED_ADDRESS,REDACTED_CITY,VA,00000,0,031,"Air Conditioning, Heating, And Ventilating Equipment, Parts And",SE
78872,2003-01-01,9999-99-99,SAFARI LTD,EXP,REDACTED_ADDRESS,REDACTED_CITY,FL,00000,0,037,"Amusement, Decorations, Entertainment, Gifts, Toys, Etc.",SE
78902,2003-01-01,9999-99-99,SAFETY KLEEN SYSTEM INC,EXP,REDACTED_ADDRESS,REDACTED_CITY,VA,00000,0,075,Automotive Shop And Related Equipment And Supplies,SE
78913,2003-01-01,9999-99-99,SAFEWARE INC,EXP,REDACTED_ADDRESS,REDACTED_CITY,MD,00000,0,031,"Air Conditioning, Heating, And Ventilating Equipment, Parts And",NE
79155,2003-01-01,9999-99-99,SAMS CLUB,EXP,REDACTED_ADDRESS,REDACTED_CITY,GA,00000,0,045,"Appliances And Equipment, Household Type",SE
79157,2003-01-01,9999-99-99,SAMS ON THE MARKET INC,EXP,REDACTED_ADDRESS,REDACTED_CITY,VA,00000,0,080,"Badges, Awards, Emblems, Name Tags And Plates, Jewelry, Etc.",SE
79568,2003-01-01,9999-99-99,SARVERS HYDRAULICS INC,EXP,REDACTED_ADDRESS,REDACTED_CITY,VA,00000,0,075,Automotive Shop And Related Equipment And Supplies,SE
79680,2003-01-01,9999-99-99,SAV-ELEC INC,EXP,REDACTED_ADDRESS,REDACTED_CITY,VA,00000,0,031,"Air Conditioning, Heating, And Ventilating Equipment, Parts And",SE
79778,2003-01-01,9999-99-99,SCANTRON CORPORATION,EXP,REDACTED_ADDRESS,REDACTED_CITY,MN,00000,0,031,"Air Conditioning, Heating, And Ventilating Equipment, Parts And",MW
79984,2003-01-01,9999-99-99,SCHOOL SPECIALTY INC,EXP,REDACTED_ADDRESS,REDACTED_CITY,CA,00000,0,050,Art Equipment And Supplies,W
80102,2003-01-01,9999-99-99,SCI-MED WASTE SYSTEMS INC,EXP,REDACTED_ADDRESS,REDACTED_CITY,VA,00000,0,065,"Automotive And Trailer Bodies, Body Accessories, And Parts",SE
80230,2003-01-01,9999-99-99,SCOTT MACHINE DEVELOPMENT CORP,EXP,REDACTED_ADDRESS,REDACTED_CITY,NY,00000,0,080,"Badges, Awards, Emblems, Name Tags And Plates, Jewelry, Etc.",NE
80837,2003-01-01,9999-99-99,SETON IDENTIFICATION PRODUCTS,EXP,REDACTED_ADDRESS,REDACTED_CITY,CT,00000,0,080,"Badges, Awards, Emblems, Name Tags And Plates, Jewelry, Etc.",NE
80843,2003-01-01,9999-99-99,SETRA SYSTEMS INC,EXP,REDACTED_ADDRESS,REDACTED_CITY,MA,00000,0,031,"Air Conditioning, Heating, And Ventilating Equipment, Parts And",NE
80941,2003-01-01,9999-99-99,SHADE EQUIPMENT CO INC,EXP,REDACTED_ADDRESS,REDACTED_CITY,VA,00000,0,065,"Automotive And Trailer Bodies, Body Accessories, And Parts",SE
81331,2003-01-01,9999-99-99,SHEEHY FORD OF RICHMOND,EXP,REDACTED_ADDRESS,REDACTED_CITY,VA,00000,0,071,"Automobiles, School Buses, Suvs, And Vans (Including Diesel,",SE
81633,2003-01-01,9999-99-99,SHENANDOAH VALLEY WATER,EXP,REDACTED_ADDRESS,REDACTED_CITY,VA,00000,0,031,"Air Conditioning, Heating, And Ventilating Equipment, Parts And",SE
81867,2003-01-01,9999-99-99,SHICKEL CORPORATION,EXP,REDACTED_ADDRESS,REDACTED_CITY,VA,00000,0,075,Automotive Shop And Related Equipment And Supplies,SE
82062,2003-01-01,9999-99-99,SHORE ELECTRONICS INC,EXP,REDACTED_ADDRESS,REDACTED_CITY,VA,00000,0,055,"Automotive Accessories For Automobiles, Buses, Trailers, Trucks,",SE
82067,2003-01-01,9999-99-99,SHORE MARINE INC,EXP,REDACTED_ADDRESS,REDACTED_CITY,VA,00000,0,075,Automotive Shop And Related Equipment And Supplies,SE
82162,2003-01-01,9999-99-99,SHRM,EXP,REDACTED_ADDRESS,REDACTED_CITY,MD,00000,0,080,"Badges, Awards, Emblems, Name Tags And Plates, Jewelry, Etc.",NE
82188,2003-01-01,9999-99-99,SHULTZ & JAMES INC,EXP,REDACTED_ADDRESS,REDACTED_CITY,VA,00000,0,031,"Air Conditioning, Heating, And Ventilating Equipment, Parts And",SE
82330,2003-01-01,9999-99-99,SIGN-A-RAMA,EXP,REDACTED_ADDRESS,REDACTED_CITY,VA,00000,0,080,"Badges, Awards, Emblems, Name Tags And Plates, Jewelry, Etc.",SE
82489,2003-01-01,9999-99-99,SIMPLEXGRINNELL LP,EXP,REDACTED_ADDRESS,REDACTED_CITY,VA,00000,0,055,"Automotive Accessories For Automobiles, Buses, Trailers, Trucks,",SE
82521,2003-01-01,9999-99-99,SIMPSONS NATURE PHOTOGRAPHY,EXP,REDACTED_ADDRESS,REDACTED_CITY,VA,00000,0,052,Art Objects,SE
83159,2003-01-01,9999-99-99,SMITHSONIAN INSTITUTION,EXP,REDACTED_ADDRESS,REDACTED_CITY,VA,00000,0,080,"Badges, Awards, Emblems, Name Tags And Plates, Jewelry, Etc.",SE
83179,2003-01-01,9999-99-99,SMOOTH-ON INC,EXP,REDACTED_ADDRESS,REDACTED_CITY,PA,00000,0,050,Art Equipment And Supplies,NE
83227,2003-01-01,9999-99-99,SNAP-ON TOOLS CORP,EXP,REDACTED_ADDRESS,REDACTED_CITY,VA,00000,0,075,Automotive Shop And Related Equipment And Supplies,SE
83353,2003-01-01,9999-99-99,SOCIETY FOR NEUROSCIENCE,EXP,REDACTED_ADDRESS,REDACTED_CITY,DC,00000,0,080,"Badges, Awards, Emblems, Name Tags And Plates, Jewelry, Etc.",NE
83571,2003-01-01,9999-99-99,SONNY MERRYMAN INC,EXP,REDACTED_ADDRESS,REDACTED_CITY,VA,00000,0,060,Automotive And Trailer Equipment And Parts,SE
83749,2003-01-01,9999-99-99,SOUTHARD AUDIO,EXP,REDACTED_ADDRESS,REDACTED_CITY,VA,00000,0,037,"Amusement, Decorations, Entertainment, Gifts, Toys, Etc.",SE
83813,2003-01-01,9999-99-99,SOUTHERN AIR INC,EXP,REDACTED_ADDRESS,REDACTED_CITY,VA,00000,0,031,"Air Conditioning, Heating, And Ventilating Equipment, Parts And",SE
83856,2003-01-01,9999-99-99,SOUTHERN COMPUTER WAREHOUSE,EXP,REDACTED_ADDRESS,REDACTED_CITY,GA,00000,0,037,"Amusement, Decorations, Entertainment, Gifts, Toys, Etc.",SE
83887,2003-01-01,9999-99-99,SOUTHERN GRAPHICS & SUPPLY CO,EXP,REDACTED_ADDRESS,REDACTED_CITY,VA,00000,0,050,Art Equipment And Supplies,SE
83906,2003-01-01,9999-99-99,SOUTHERN MAINTENANCE SUPPLY CO INC,EXP,REDACTED_ADDRESS,REDACTED_CITY,VA,00000,0,005,Abrasives,SE
83931,2003-01-01,9999-99-99,SOUTHERN POLICE EQUIPMENT CO INC,EXP,REDACTED_ADDRESS,REDACTED_CITY,VA,00000,0,080,"Badges, Awards, Emblems, Name Tags And Plates, Jewelry, Etc.",SE
83944,2003-01-01,9999-99-99,SOUTHERN REFRIGERATION CORP,EXP,REDACTED_ADDRESS,REDACTED_CITY,VA,00000,0,031,"Air Conditioning, Heating, And Ventilating Equipment, Parts And",SE
84140,2003-01-01,9999-99-99,SOUTHWEST TOOL SUPPLY INC,EXP,REDACTED_ADDRESS,REDACTED_CITY,VA,00000,0,005,Abrasives,SE
84843,2003-01-01,9999-99-99,STACKPOLE BOOKS,EXP,REDACTED_ADDRESS,REDACTED_CITY,PA,00000,0,037,"Amusement, Decorations, Entertainment, Gifts, Toys, Etc.",NE
84881,2003-01-01,9999-99-99,STAFFORD COUNTY PUBLIC SCHOOLS,EXP,REDACTED_ADDRESS,REDACTED_CITY,VA,00000,0,071,"Automobiles, School Buses, Suvs, And Vans (Including Diesel,",SE
84977,2003-01-01,9999-99-99,STANDARD PARTS CORP,EXP,REDACTED_ADDRESS,REDACTED_CITY,VA,00000,0,060,Automotive And Trailer Equipment And Parts,SE
84990,2003-01-01,9999-99-99,STANDBY SYSTEMS INC,EXP,REDACTED_ADDRESS,REDACTED_CITY,VA,00000,0,060,Automotive And Trailer Equipment And Parts,SE
85157,2003-01-01,9999-99-99,STATE ELECTRIC SUPPLY COMPANY,EXP,REDACTED_ADDRESS,REDACTED_CITY,VA,00000,0,060,Automotive And Trailer Equipment And Parts,SE
85530,2003-01-01,9999-99-99,STEPHENS OFFICE SUPPLY,EXP,REDACTED_ADDRESS,REDACTED_CITY,VA,00000,0,015,"Addressing, Copying, Mimeograph, And Spirit Duplicating Machine",SE
85587,2003-01-01,9999-99-99,STERLING IDEAS UNLIMITED INC,EXP,REDACTED_ADDRESS,REDACTED_CITY,VA,00000,0,037,"Amusement, Decorations, Entertainment, Gifts, Toys, Etc.",SE
86586,2003-01-01,9999-99-99,SUNBELT RENTALS INC,EXP,REDACTED_ADDRESS,REDACTED_CITY,VA,00000,0,020,"Agricultural Equipment, Implements, And Accessories (See Class",SE
87107,2003-01-01,9999-99-99,SWANK MOTION PICTURES INC,EXP,REDACTED_ADDRESS,REDACTED_CITY,MO,00000,0,037,"Amusement, Decorations, Entertainment, Gifts, Toys, Etc.",MW
87310,2003-01-01,9999-99-99,SYSCO FOOD SERVICES OF VIRGINIA LLC,EXP,REDACTED_ADDRESS,REDACTED_CITY,VA,00000,0,045,"Appliances And Equipment, Household Type",SE
87486,2003-01-01,9999-99-99,TAKACH PRESS CORPORATION,EXP,REDACTED_ADDRESS,REDACTED_CITY,NM,00000,0,050,Art Equipment And Supplies,SW
87493,2003-01-01,9999-99-99,TALAS,EXP,REDACTED_ADDRESS,REDACTED_CITY,NY,00000,0,050,Art Equipment And Supplies,NE
87698,2003-01-01,9999-99-99,TARGET CORPORATION,EXP,REDACTED_ADDRESS,REDACTED_CITY,MN,00000,0,037,"Amusement, Decorations, Entertainment, Gifts, Toys, Etc.",MW
87744,2003-01-01,9999-99-99,TATE ENGINEERING SYSTEMS INC,EXP,REDACTED_ADDRESS,REDACTED_CITY,VA,00000,0,031,"Air Conditioning, Heating, And Ventilating Equipment, Parts And",SE
87812,2003-01-01,9999-99-99,TAYLOR FORBES EQUIPMENT COMPANY INC,EXP,REDACTED_ADDRESS,REDACTED_CITY,VA,00000,0,022,Agricultural Equipment And Implement Parts,SE
88069,2003-01-01,9999-99-99,TECH EXPRESS INC,EXP,REDACTED_ADDRESS,REDACTED_CITY,VA,00000,0,052,Art Objects,SE
88098,2003-01-01,9999-99-99,TECHNI TOOL INC,EXP,REDACTED_ADDRESS,REDACTED_CITY,PA,00000,0,025,Air Compressors And Accessories,NE
88139,2003-01-01,9999-99-99,TED PELLA INC,EXP,REDACTED_ADDRESS,REDACTED_CITY,CA,00000,0,010,"Acoustical Tile, Insulating Materials, And Supplies",W
88807,2003-01-01,9999-99-99,THE CUTTING EDGE OF VIRGINIA,EXP,REDACTED_ADDRESS,REDACTED_CITY,VA,00000,0,022,Agricultural Equipment And Implement Parts,SE
88817,2003-01-01,9999-99-99,THE DAVEY TREE EXPERT COMPANY,EXP,REDACTED_ADDRESS,REDACTED_CITY,VA,00000,0,020,"Agricultural Equipment, Implements, And Accessories (See Class",SE
88839,2003-01-01,9999-99-99,THE E GROUP INC,EXP,REDACTED_ADDRESS,REDACTED_CITY,VA,00000,0,080,"Badges, Awards, Emblems, Name Tags And Plates, Jewelry, Etc.",SE
88857,2003-01-01,9999-99-99,THE F A BARTLETT TREE EXPERT COMPANY,EXP,REDACTED_ADDRESS,REDACTED_CITY,VA,00000,0,020,"Agricultural Equipment, Implements, And Accessories (See Class",SE
88861,2003-01-01,9999-99-99,THE FARMERS DAUGHTER,EXP,REDACTED_ADDRESS,REDACTED_CITY,VA,00000,0,050,Art Equipment And Supplies,SE
88896,2003-01-01,9999-99-99,THE FUSE COMPANY,EXP,REDACTED_ADDRESS,REDACTED_CITY,VA,00000,0,031,"Air Conditioning, Heating, And Ventilating Equipment, Parts And",SE
89204,2003-01-01,9999-99-99,THE POWER ZONE INC,EXP,REDACTED_ADDRESS,REDACTED_CITY,VA,00000,0,020,"Agricultural Equipment, Implements, And Accessories (See Class",SE
89317,2003-01-01,9999-99-99,THE SUPPLY ROOM CO,EXP,REDACTED_ADDRESS,REDACTED_CITY,VA,00000,0,050,Art Equipment And Supplies,SE
89321,2003-01-01,9999-99-99,THE SUPPLY ROOM COMPANIES,EXP,REDACTED_ADDRESS,REDACTED_CITY,VA,00000,0,015,"Addressing, Copying, Mimeograph, And Spirit Duplicating Machine",SE
90084,2003-01-01,9999-99-99,THOMPSON HOSPITALITY SERVICES LLC,EXP,REDACTED_ADDRESS,REDACTED_CITY,VA,00000,0,045,"Appliances And Equipment, Household Type",SE
90353,2003-01-01,9999-99-99,TIDEWATER PRESSURE WASHING LLC,EXP,REDACTED_ADDRESS,REDACTED_CITY,VA,00000,0,075,Automotive Shop And Related Equipment And Supplies,SE
90371,2003-01-01,9999-99-99,TIDEWATER TEAM SPORTS,EXP,REDACTED_ADDRESS,REDACTED_CITY,VA,00000,0,080,"Badges, Awards, Emblems, Name Tags And Plates, Jewelry, Etc.",SE
90407,2003-01-01,9999-99-99,TIGER DIRECT INC,EXP,REDACTED_ADDRESS,REDACTED_CITY,GA,00000,0,037,"Amusement, Decorations, Entertainment, Gifts, Toys, Etc.",SE
90678,2003-01-01,9999-99-99,TLA INC,EXP,REDACTED_ADDRESS,REDACTED_CITY,VA,00000,0,031,"Air Conditioning, Heating, And Ventilating Equipment, Parts And",SE
91206,2003-01-01,9999-99-99,TOWN POLICE SUPPLY,EXP,REDACTED_ADDRESS,REDACTED_CITY,VA,00000,0,080,"Badges, Awards, Emblems, Name Tags And Plates, Jewelry, Etc.",SE
91291,2003-01-01,9999-99-99,TRACTOR SUPPLY CO,EXP,REDACTED_ADDRESS,REDACTED_CITY,VA,00000,0,005,Abrasives,SE
91330,2003-01-01,9999-99-99,TRADESHOWDIRECT,EXP,REDACTED_ADDRESS,REDACTED_CITY,VA,00000,0,037,"Amusement, Decorations, Entertainment, Gifts, Toys, Etc.",SE
91828,2003-01-01,9999-99-99,TREASURER OF VIRGINIA TECH,EXP,REDACTED_ADDRESS,REDACTED_CITY,VA,00000,0,020,"Agricultural Equipment, Implements, And Accessories (See Class",SE
91998,2003-01-01,9999-99-99,TRI-CITY OFFICE PRODUCTS INC,EXP,REDACTED_ADDRESS,REDACTED_CITY,VA,00000,0,015,"Addressing, Copying, Mimeograph, And Spirit Duplicating Machine",SE
92192,2003-01-01,9999-99-99,TROXELL COMMUNICATIONS INC,EXP,REDACTED_ADDRESS,REDACTED_CITY,VA,00000,0,055,"Automotive Accessories For Automobiles, Buses, Trailers, Trucks,",SE
92214,2003-01-01,9999-99-99,TRUCK BODY CORP,EXP,REDACTED_ADDRESS,REDACTED_CITY,VA,00000,0,060,Automotive And Trailer Equipment And Parts,SE
92216,2003-01-01,9999-99-99,TRUCK ENTERPRISES INC,EXP,REDACTED_ADDRESS,REDACTED_CITY,VA,00000,0,060,Automotive And Trailer Equipment And Parts,SE
92226,2003-01-01,9999-99-99,TRUCK THERMO KING INC,EXP,REDACTED_ADDRESS,REDACTED_CITY,VA,00000,0,055,"Automotive Accessories For Automobiles, Buses, Trailers, Trucks,",SE
92227,2003-01-01,9999-99-99,TRUCKIN THUNDER INC,EXP,REDACTED_ADDRESS,REDACTED_CITY,VA,00000,0,065,"Automotive And Trailer Bodies, Body Accessories, And Parts",SE
92241,2003-01-01,9999-99-99,TRUGREEN-CHEMLAWN,EXP,REDACTED_ADDRESS,REDACTED_CITY,VA,00000,0,020,"Agricultural Equipment, Implements, And Accessories (See Class",SE
92292,2003-01-01,9999-99-99,TSRC INC,EXP,REDACTED_ADDRESS,REDACTED_CITY,VA,00000,0,015,"Addressing, Copying, Mimeograph, And Spirit Duplicating Machine",SE
92424,2003-01-01,9999-99-99,TURNER ASSOCIATES INC,EXP,REDACTED_ADDRESS,REDACTED_CITY,VA,00000,0,050,Art Equipment And Supplies,SE
92753,2003-01-01,9999-99-99,ULINE INC,EXP,REDACTED_ADDRESS,REDACTED_CITY,IL,00000,0,050,Art Equipment And Supplies,MW
92833,2003-01-01,9999-99-99,UNIFIRST CORP,EXP,REDACTED_ADDRESS,REDACTED_CITY,VA,00000,0,055,"Automotive Accessories For Automobiles, Buses, Trailers, Trucks,",SE
92868,2003-01-01,9999-99-99,UNISOURCE WORLDWIDE INC,EXP,REDACTED_ADDRESS,REDACTED_CITY,FL,00000,0,015,"Addressing, Copying, Mimeograph, And Spirit Duplicating Machine",SE
92926,2003-01-01,9999-99-99,UNITED REFRIGERATION OF VA INC,EXP,REDACTED_ADDRESS,REDACTED_CITY,VA,00000,0,031,"Air Conditioning, Heating, And Ventilating Equipment, Parts And",SE
92931,2003-01-01,9999-99-99,UNITED RENTALS NORTH AMERICA INC,EXP,REDACTED_ADDRESS,REDACTED_CITY,VA,00000,0,065,"Automotive And Trailer Bodies, Body Accessories, And Parts",SE
93495,2003-01-01,9999-99-99,USA BLUE BOOK,EXP,REDACTED_ADDRESS,REDACTED_CITY,IL,00000,0,031,"Air Conditioning, Heating, And Ventilating Equipment, Parts And",MW
94279,2003-01-01,9999-99-99,VALLEY FASTENERS OF LYNCHBURG,EXP,REDACTED_ADDRESS,REDACTED_CITY,VA,00000,0,031,"Air Conditioning, Heating, And Ventilating Equipment, Parts And",SE
94293,2003-01-01,9999-99-99,VALLEY IMPLEMENT SALES INC,EXP,REDACTED_ADDRESS,REDACTED_CITY,VA,00000,0,060,Automotive And Trailer Equipment And Parts,SE
94367,2003-01-01,9999-99-99,VAMAC INC,EXP,REDACTED_ADDRESS,REDACTED_CITY,VA,00000,0,060,Automotive And Trailer Equipment And Parts,SE
95272,2003-01-01,9999-99-99,VENTURE TOURS INC,EXP,REDACTED_ADDRESS,REDACTED_CITY,VA,00000,0,071,"Automobiles, School Buses, Suvs, And Vans (Including Diesel,",SE
95389,2003-01-01,9999-99-99,VERNON LIBRARY SUPPLIES INC,EXP,REDACTED_ADDRESS,REDACTED_CITY,GA,00000,0,080,"Badges, Awards, Emblems, Name Tags And Plates, Jewelry, Etc.",SE
95788,2003-01-01,9999-99-99,VIRGINIA AIR DISTRIBUTORS INC,EXP,REDACTED_ADDRESS,REDACTED_CITY,VA,00000,0,031,"Air Conditioning, Heating, And Ventilating Equipment, Parts And",SE
95844,2003-01-01,9999-99-99,VIRGINIA AVIATION,EXP,REDACTED_ADDRESS,REDACTED_CITY,VA,00000,0,035,"Aircraft And Airport Equipment, Parts, And Supplies",SE
95898,2003-01-01,9999-99-99,VIRGINIA BUSINESS SYSTEMS,EXP,REDACTED_ADDRESS,REDACTED_CITY,VA,00000,0,015,"Addressing, Copying, Mimeograph, And Spirit Duplicating Machine",SE
95986,2003-01-01,9999-99-99,VIRGINIA CONTRACTORS SUPPLY INC,EXP,REDACTED_ADDRESS,REDACTED_CITY,VA,00000,0,010,"Acoustical Tile, Insulating Materials, And Supplies",SE
95998,2003-01-01,9999-99-99,VIRGINIA CORRECTIONAL ENTERPRISES,EXP,REDACTED_ADDRESS,REDACTED_CITY,VA,00000,0,080,"Badges, Awards, Emblems, Name Tags And Plates, Jewelry, Etc.",SE
96026,2003-01-01,9999-99-99,VIRGINIA DEPARTMENT OF CORRECTIONS,EXP,REDACTED_ADDRESS,REDACTED_CITY,VA,00000,0,080,"Badges, Awards, Emblems, Name Tags And Plates, Jewelry, Etc.",SE
96047,2003-01-01,9999-99-99,VIRGINIA DISTRIBUTION CENTER,EXP,REDACTED_ADDRESS,REDACTED_CITY,VA,00000,0,045,"Appliances And Equipment, Household Type",SE
96111,2003-01-01,9999-99-99,VIRGINIA FORKLIFT INC,EXP,REDACTED_ADDRESS,REDACTED_CITY,VA,00000,0,060,Automotive And Trailer Equipment And Parts,SE
96139,2003-01-01,9999-99-99,VIRGINIA GOLF CARS INC,EXP,REDACTED_ADDRESS,REDACTED_CITY,VA,00000,0,071,"Automobiles, School Buses, Suvs, And Vans (Including Diesel,",SE
96209,2003-01-01,9999-99-99,VIRGINIA INFORMATION TECHNOLOGIES AGENCY,EXP,REDACTED_ADDRESS,REDACTED_CITY,VA,00000,0,055,"Automotive Accessories For Automobiles, Buses, Trailers, Trucks,",SE
96516,2003-01-01,9999-99-99,VIRGINIA TRUCK CENTER INC,EXP,REDACTED_ADDRESS,REDACTED_CITY,VA,00000,0,073,Trailers,SE
96538,2003-01-01,9999-99-99,VIRGINIA WATER SYSTEMS INC,EXP,REDACTED_ADDRESS,REDACTED_CITY,VA,00000,0,031,"Air Conditioning, Heating, And Ventilating Equipment, Parts And",SE
96552,2003-01-01,9999-99-99,VIRGINIA WESTERN COMMUNITY COLLEGE,EXP,REDACTED_ADDRESS,REDACTED_CITY,VA,00000,0,052,Art Objects,SE
96606,2003-01-01,9999-99-99,VISABILITY OF COLORADO,EXP,REDACTED_ADDRESS,REDACTED_CITY,CO,00000,0,037,"Amusement, Decorations, Entertainment, Gifts, Toys, Etc.",SW
96619,2003-01-01,9999-99-99,VISION BUSINESS PRODUCTS,EXP,REDACTED_ADDRESS,REDACTED_CITY,VA,00000,0,035,"Aircraft And Airport Equipment, Parts, And Supplies",SE
97004,2003-01-01,9999-99-99,W W GRAINGER INC,EXP,REDACTED_ADDRESS,REDACTED_CITY,VA,00000,0,031,"Air Conditioning, Heating, And Ventilating Equipment, Parts And",SE
97133,2003-01-01,9999-99-99,WAGNER FOOD EQUIPMENT INC,EXP,REDACTED_ADDRESS,REDACTED_CITY,VA,00000,0,031,"Air Conditioning, Heating, And Ventilating Equipment, Parts And",SE
97310,2003-01-01,9999-99-99,WALLACE AUTO PARTS INC,EXP,REDACTED_ADDRESS,REDACTED_CITY,VA,00000,0,060,Automotive And Trailer Equipment And Parts,SE
97378,2003-01-01,9999-99-99,WALMART,EXP,REDACTED_ADDRESS,REDACTED_CITY,VA,00000,0,037,"Amusement, Decorations, Entertainment, Gifts, Toys, Etc.",SE
97821,2003-01-01,9999-99-99,WARWICK PLUMBING & HEATING CORP,EXP,REDACTED_ADDRESS,REDACTED_CITY,VA,00000,0,031,"Air Conditioning, Heating, And Ventilating Equipment, Parts And",SE
97828,2003-01-01,9999-99-99,WASH WORLD INC,EXP,REDACTED_ADDRESS,REDACTED_CITY,VA,00000,0,075,Automotive Shop And Related Equipment And Supplies,SE
97901,2003-01-01,9999-99-99,WASHINGTON POST,EXP,REDACTED_ADDRESS,REDACTED_CITY,DC,00000,0,052,Art Objects,NE
98000,2003-01-01,9999-99-99,WATER CHEMISTRY INC,EXP,REDACTED_ADDRESS,REDACTED_CITY,VA,00000,0,031,"Air Conditioning, Heating, And Ventilating Equipment, Parts And",SE
98657,2003-01-01,9999-99-99,WERRES CORPORATION,EXP,REDACTED_ADDRESS,REDACTED_CITY,MD,00000,0,071,"Automobiles, School Buses, Suvs, And Vans (Including Diesel,",NE
98718,2003-01-01,9999-99-99,WEST END TROPHIES INC,EXP,REDACTED_ADDRESS,REDACTED_CITY,VA,00000,0,080,"Badges, Awards, Emblems, Name Tags And Plates, Jewelry, Etc.",SE
99019,2003-01-01,9999-99-99,WHITAKER BROTHERS BUSINESS MACHINES INC,EXP,REDACTED_ADDRESS,REDACTED_CITY,MD,00000,0,050,Art Equipment And Supplies,NE
99062,2003-01-01,9999-99-99,WHITE OAK EQUIPMENT INC,EXP,REDACTED_ADDRESS,REDACTED_CITY,VA,00000,0,020,"Agricultural Equipment, Implements, And Accessories (See Class",SE
99354,2003-01-01,9999-99-99,WILBAR TRUCK EQUIPMENT INC,EXP,REDACTED_ADDRESS,REDACTED_CITY,VA,00000,0,055,"Automotive Accessories For Automobiles, Buses, Trailers, Trucks,",SE
99418,2003-01-01,9999-99-99,WILEY & WILSON,EXP,REDACTED_ADDRESS,REDACTED_CITY,VA,00000,0,060,Automotive And Trailer Equipment And Parts,SE
99473,2003-01-01,9999-99-99,WILKINSON ADVERTISING PROMOTIONS,EXP,REDACTED_ADDRESS,REDACTED_CITY,VA,00000,0,037,"Amusement, Decorations, Entertainment, Gifts, Toys, Etc.",SE
100021,2003-01-01,9999-99-99,WILLIAMS SUPPLY INC,EXP,REDACTED_ADDRESS,REDACTED_CITY,VA,00000,0,060,Automotive And Trailer Equipment And Parts,SE
100469,2003-01-01,9999-99-99,WINCHESTER EQUIPMENT CO,EXP,REDACTED_ADDRESS,REDACTED_CITY,VA,00000,0,060,Automotive And Trailer Equipment And Parts,SE
100488,2003-01-01,9999-99-99,WINCHESTER PRINTERS INC,EXP,REDACTED_ADDRESS,REDACTED_CITY,VA,00000,0,037,"Amusement, Decorations, Entertainment, Gifts, Toys, Etc.",SE
100827,2003-01-01,9999-99-99,WOLF RUN STUDIO,EXP,REDACTED_ADDRESS,REDACTED_CITY,VA,00000,0,037,"Amusement, Decorations, Entertainment, Gifts, Toys, Etc.",SE
100858,2003-01-01,9999-99-99,WOLFRAM RESEARCH INC,EXP,REDACTED_ADDRESS,REDACTED_CITY,IL,00000,0,035,"Aircraft And Airport Equipment, Parts, And Supplies",MW
101003,2003-01-01,9999-99-99,WOODCRAFT,EXP,REDACTED_ADDRESS,REDACTED_CITY,VA,00000,0,022,Agricultural Equipment And Implement Parts,SE
101333,2003-01-01,9999-99-99,WORTH HIGGINS & ASSOCIATES INC,EXP,REDACTED_ADDRESS,REDACTED_CITY,VA,00000,0,037,"Amusement, Decorations, Entertainment, Gifts, Toys, Etc.",SE
101644,2003-01-01,9999-99-99,WYTHEVILLE OFFICE SUPPLY INC,EXP,REDACTED_ADDRESS,REDACTED_CITY,VA,00000,0,015,"Addressing, Copying, Mimeograph, And Spirit Duplicating Machine",SE
101672,2003-01-01,9999-99-99,XEROX CORP,EXP,REDACTED_ADDRESS,REDACTED_CITY,VA,00000,0,015,"Addressing, Copying, Mimeograph, And Spirit Duplicating Machine",SE
102909,2003-02-01,9999-99-99,ADEAST SPECIALTIES INC,EXP,REDACTED_ADDRESS,REDACTED_CITY,VA,00000,0,037,"Amusement, Decorations, Entertainment, Gifts, Toys, Etc.",SE
102971,2003-02-01,9999-99-99,ADVANCE SAFETY EQUIPMENT CO,EXP,REDACTED_ADDRESS,REDACTED_CITY,VA,00000,0,031,"Air Conditioning, Heating, And Ventilating Equipment, Parts And",SE
103134,2003-02-01,9999-99-99,AIR CYCLE CORPORATION,EXP,REDACTED_ADDRESS,REDACTED_CITY,IL,00000,0,045,"Appliances And Equipment, Household Type",MW
103228,2003-02-01,9999-99-99,ALBAN TRACTOR CO INC,EXP,REDACTED_ADDRESS,REDACTED_CITY,MD,00000,0,020,"Agricultural Equipment, Implements, And Accessories (See Class",NE
103402,2003-02-01,9999-99-99,ALKOH SUPPLY INC,EXP,REDACTED_ADDRESS,REDACTED_CITY,VA,00000,0,005,Abrasives,SE
103410,2003-02-01,9999-99-99,ALL STAR IMPRESSIONS,EXP,REDACTED_ADDRESS,REDACTED_CITY,VA,00000,0,080,"Badges, Awards, Emblems, Name Tags And Plates, Jewelry, Etc.",SE
104144,2003-02-01,9999-99-99,AMERICAN THERMOFORM CORPORATION,EXP,REDACTED_ADDRESS,REDACTED_CITY,CA,00000,0,037,"Amusement, Decorations, Entertainment, Gifts, Toys, Etc.",W
104146,2003-02-01,9999-99-99,AMERICAN TIRE DISTRIBUTORS,EXP,REDACTED_ADDRESS,REDACTED_CITY,VA,00000,0,071,"Automobiles, School Buses, Suvs, And Vans (Including Diesel,",SE
104535,2003-02-01,9999-99-99,ANIMATION TOOLWORKS INC,EXP,REDACTED_ADDRESS,REDACTED_CITY,OR,00000,0,050,Art Equipment And Supplies,W
104781,2003-02-01,9999-99-99,APPLIED INDUSTRIAL TECHNOLOGIES,EXP,REDACTED_ADDRESS,REDACTED_CITY,VA,00000,0,031,"Air Conditioning, Heating, And Ventilating Equipment, Parts And",SE
104847,2003-02-01,9999-99-99,ARBOR SCIENTIFIC,EXP,REDACTED_ADDRESS,REDACTED_CITY,MI,00000,0,075,Automotive Shop And Related Equipment And Supplies,MW
104851,2003-02-01,9999-99-99,ARCADIA PUBLISHING INC,EXP,REDACTED_ADDRESS,REDACTED_CITY,SC,00000,0,037,"Amusement, Decorations, Entertainment, Gifts, Toys, Etc.",SE
105773,2003-02-01,9999-99-99,BAILEY POTTERY EQUIPMENT CORP,EXP,REDACTED_ADDRESS,REDACTED_CITY,NY,00000,0,050,Art Equipment And Supplies,NE
106211,2003-02-01,9999-99-99,BASIC AUTO SALES,EXP,REDACTED_ADDRESS,REDACTED_CITY,VA,00000,0,071,"Automobiles, School Buses, Suvs, And Vans (Including Diesel,",SE
106419,2003-02-01,9999-99-99,BED BATH AND BEYOND,EXP,REDACTED_ADDRESS,REDACTED_CITY,NJ,00000,0,045,"Appliances And Equipment, Household Type",NE
106847,2003-02-01,9999-99-99,BEVELLS HARDWARE INC,EXP,REDACTED_ADDRESS,REDACTED_CITY,VA,00000,0,010,"Acoustical Tile, Insulating Materials, And Supplies",SE
107011,2003-02-01,9999-99-99,BIOCAM COMMUNICATIONS,EXP,REDACTED_ADDRESS,REDACTED_CITY,WA,00000,0,052,Art Objects,W
108192,2003-02-01,9999-99-99,BROWN MOTOR PARTS INC,EXP,REDACTED_ADDRESS,REDACTED_CITY,VA,00000,0,060,Automotive And Trailer Equipment And Parts,SE
108241,2003-02-01,9999-99-99,BROWNELLS INC,EXP,REDACTED_ADDRESS,REDACTED_CITY,IA,00000,0,055,"Automotive Accessories For Automobiles, Buses, Trailers, Trucks,",MW
109645,2003-02-01,9999-99-99,CASTA LINE TROUT FARMS,EXP,REDACTED_ADDRESS,REDACTED_CITY,VA,00000,0,040,"Animals, Birds, Marine Life, And Poultry, Live, (Including Accessory",SE
109996,2003-02-01,9999-99-99,CAVALIER EQUIPMENT CORPORATION,EXP,REDACTED_ADDRESS,REDACTED_CITY,VA,00000,0,071,"Automobiles, School Buses, Suvs, And Vans (Including Diesel,",SE
110035,2003-02-01,9999-99-99,CDWG,EXP,REDACTED_ADDRESS,REDACTED_CITY,IL,00000,0,015,"Addressing, Copying, Mimeograph, And Spirit Duplicating Machine",MW
111784,2003-02-01,9999-99-99,COMMONWEALTH RESCUE SYSTEMS INC,EXP,REDACTED_ADDRESS,REDACTED_CITY,VA,00000,0,055,"Automotive Accessories For Automobiles, Buses, Trailers, Trucks,",SE
113066,2003-02-01,9999-99-99,D W BOYD CORPORATION,EXP,REDACTED_ADDRESS,REDACTED_CITY,VA,00000,0,060,Automotive And Trailer Equipment And Parts,SE
113167,2003-02-01,9999-99-99,DAMUTH SERVICES INC,EXP,REDACTED_ADDRESS,REDACTED_CITY,VA,00000,0,031,"Air Conditioning, Heating, And Ventilating Equipment, Parts And",SE
113245,2003-02-01,9999-99-99,DANIEL SMITH,EXP,REDACTED_ADDRESS,REDACTED_CITY,WA,00000,0,050,Art Equipment And Supplies,W
114241,2003-02-01,9999-99-99,DEPARTMENT OF FORESTRY,EXP,REDACTED_ADDRESS,REDACTED_CITY,VA,00000,0,022,Agricultural Equipment And Implement Parts,SE
114705,2003-02-01,9999-99-99,DINWIDDIE HEALTH DEPARTMENT,EXP,REDACTED_ADDRESS,REDACTED_CITY,VA,00000,0,005,Abrasives,SE
114794,2003-02-01,9999-99-99,DIVERSIFIED EDUCATIONAL SYSTEMS INC,EXP,REDACTED_ADDRESS,REDACTED_CITY,VA,00000,0,031,"Air Conditioning, Heating, And Ventilating Equipment, Parts And",SE
115396,2003-02-01,9999-99-99,DRAFTING & TECHNICAL SUPPLIES INC,EXP,REDACTED_ADDRESS,REDACTED_CITY,VA,00000,0,050,Art Equipment And Supplies,SE
115745,2003-02-01,9999-99-99,E A HARPER & CO INC,EXP,REDACTED_ADDRESS,REDACTED_CITY,VA,00000,0,045,"Appliances And Equipment, Household Type",SE
115988,2003-02-01,9999-99-99,EDDIE'S TROPHIES & GIFT SHOP,EXP,REDACTED_ADDRESS,REDACTED_CITY,TN,00000,0,080,"Badges, Awards, Emblems, Name Tags And Plates, Jewelry, Etc.",SE
116315,2003-02-01,9999-99-99,ELENCO ELECTRONICS INC,EXP,REDACTED_ADDRESS,REDACTED_CITY,IL,00000,0,060,Automotive And Trailer Equipment And Parts,MW
116321,2003-02-01,9999-99-99,ELFINSMITHS LTD,EXP,REDACTED_ADDRESS,REDACTED_CITY,VA,00000,0,080,"Badges, Awards, Emblems, Name Tags And Plates, Jewelry, Etc.",SE
117387,2003-02-01,9999-99-99,FEDERAL AVIATION ADMINISTRATION,EXP,REDACTED_ADDRESS,REDACTED_CITY,MD,00000,0,035,"Aircraft And Airport Equipment, Parts, And Supplies",NE
118677,2003-02-01,9999-99-99,GARRISON PRESS LLC,EXP,REDACTED_ADDRESS,REDACTED_CITY,VA,00000,0,052,Art Objects,SE
118815,2003-02-01,9999-99-99,GCS ELECTRONICS & COMMUNICATIONS,EXP,REDACTED_ADDRESS,REDACTED_CITY,VA,00000,0,075,Automotive Shop And Related Equipment And Supplies,SE
119723,2003-02-01,9999-99-99,GRAND RENTAL STATION,EXP,REDACTED_ADDRESS,REDACTED_CITY,VA,00000,0,037,"Amusement, Decorations, Entertainment, Gifts, Toys, Etc.",SE
119751,2003-02-01,9999-99-99,GRAPHIC CHEMICAL & INK COMPANY INC,EXP,REDACTED_ADDRESS,REDACTED_CITY,IL,00000,0,050,Art Equipment And Supplies,MW
120139,2003-02-01,9999-99-99,GUERNSEY OFFICE PRODUCTS INC,EXP,REDACTED_ADDRESS,REDACTED_CITY,VA,00000,0,015,"Addressing, Copying, Mimeograph, And Spirit Duplicating Machine",SE
120256,2003-02-01,9999-99-99,H & H PUBLISHING COMPANY,EXP,REDACTED_ADDRESS,REDACTED_CITY,FL,00000,0,031,"Air Conditioning, Heating, And Ventilating Equipment, Parts And",SE
120867,2003-02-01,9999-99-99,HARROWS HOME CENTER INC,EXP,REDACTED_ADDRESS,REDACTED_CITY,VA,00000,0,010,"Acoustical Tile, Insulating Materials, And Supplies",SE
121194,2003-02-01,9999-99-99,HEARTLAND HARVEST,EXP,REDACTED_ADDRESS,REDACTED_CITY,VA,00000,0,019,"Agricultural Crops And Grains Including Fruits, Melons, Nuts, And",SE
121296,2003-02-01,9999-99-99,HEINEMANN,EXP,REDACTED_ADDRESS,REDACTED_CITY,VA,00000,0,037,"Amusement, Decorations, Entertainment, Gifts, Toys, Etc.",SE
121985,2003-02-01,9999-99-99,HOME DEPOT USA INC,EXP,REDACTED_ADDRESS,REDACTED_CITY,GA,00000,0,031,"Air Conditioning, Heating, And Ventilating Equipment, Parts And",SE
122133,2003-02-01,9999-99-99,HOUSE OF DOORS INC,EXP,REDACTED_ADDRESS,REDACTED_CITY,VA,00000,0,060,Automotive And Trailer Equipment And Parts,SE
122596,2003-02-01,9999-99-99,HYDROLOGIX,EXP,REDACTED_ADDRESS,REDACTED_CITY,VA,00000,0,031,"Air Conditioning, Heating, And Ventilating Equipment, Parts And",SE
122652,2003-02-01,9999-99-99,ID AMERICA,EXP,REDACTED_ADDRESS,REDACTED_CITY,VA,00000,0,037,"Amusement, Decorations, Entertainment, Gifts, Toys, Etc.",SE
123010,2003-02-01,9999-99-99,INTERLINK COMPUTERS INC,EXP,REDACTED_ADDRESS,REDACTED_CITY,VA,00000,0,045,"Appliances And Equipment, Household Type",SE
123053,2003-02-01,9999-99-99,INTERNATIONAL LIGHTING CORP,EXP,REDACTED_ADDRESS,REDACTED_CITY,IN,00000,0,055,"Automotive Accessories For Automobiles, Buses, Trailers, Trucks,",MW
123338,2003-02-01,9999-99-99,J JENKINS SONS COMPANY INC,EXP,REDACTED_ADDRESS,REDACTED_CITY,MD,00000,0,080,"Badges, Awards, Emblems, Name Tags And Plates, Jewelry, Etc.",NE
123848,2003-02-01,9999-99-99,JAMESTOWN SETTLEMENT GIFT SHOP,EXP,REDACTED_ADDRESS,REDACTED_CITY,VA,00000,0,037,"Amusement, Decorations, Entertainment, Gifts, Toys, Etc.",SE
124449,2003-02-01,9999-99-99,JIM MCKAY CHEVROLET INC,EXP,REDACTED_ADDRESS,REDACTED_CITY,VA,00000,0,060,Automotive And Trailer Equipment And Parts,SE
124705,2003-02-01,9999-99-99,JOHN F BLAIR PUBLISHER,EXP,REDACTED_ADDRESS,REDACTED_CITY,NC,00000,0,037,"Amusement, Decorations, Entertainment, Gifts, Toys, Etc.",SE
125110,2003-02-01,9999-99-99,JONATHAN PROMOTIONS INC,EXP,REDACTED_ADDRESS,REDACTED_CITY,VA,00000,0,080,"Badges, Awards, Emblems, Name Tags And Plates, Jewelry, Etc.",SE
126341,2003-02-01,9999-99-99,KETTERING NATIONAL SEMINARS,EXP,REDACTED_ADDRESS,REDACTED_CITY,OH,00000,0,031,"Air Conditioning, Heating, And Ventilating Equipment, Parts And",MW
128469,2003-02-01,9999-99-99,LOADING DOCK EQUIPMENT CO INC,EXP,REDACTED_ADDRESS,REDACTED_CITY,VA,00000,0,055,"Automotive Accessories For Automobiles, Buses, Trailers, Trucks,",SE
128746,2003-02-01,9999-99-99,LOVELACE SEEDS INC,EXP,REDACTED_ADDRESS,REDACTED_CITY,MO,00000,0,019,"Agricultural Crops And Grains Including Fruits, Melons, Nuts, And",MW
129583,2003-02-01,9999-99-99,MARION AUTOMOTIVE GROUP,EXP,REDACTED_ADDRESS,REDACTED_CITY,VA,00000,0,060,Automotive And Trailer Equipment And Parts,SE
130163,2003-02-01,9999-99-99,MASTER ELECTRICAL SERVICES LLC,EXP,REDACTED_ADDRESS,REDACTED_CITY,VA,00000,0,031,"Air Conditioning, Heating, And Ventilating Equipment, Parts And",SE
130445,2003-02-01,9999-99-99,MCCORMICK INSULATION SPLY INC,EXP,REDACTED_ADDRESS,REDACTED_CITY,VA,00000,0,010,"Acoustical Tile, Insulating Materials, And Supplies",SE
131355,2003-02-01,9999-99-99,MICROSOFT CORP,EXP,REDACTED_ADDRESS,REDACTED_CITY,VA,00000,0,037,"Amusement, Decorations, Entertainment, Gifts, Toys, Etc.",SE
131961,2003-02-01,9999-99-99,MOORE MEDICAL LLC,EXP,REDACTED_ADDRESS,REDACTED_CITY,CT,00000,0,052,Art Objects,NE
132723,2003-02-01,9999-99-99,NATA,EXP,REDACTED_ADDRESS,REDACTED_CITY,NY,00000,0,080,"Badges, Awards, Emblems, Name Tags And Plates, Jewelry, Etc.",NE
132835,2003-02-01,9999-99-99,NATIONAL FASTPITCH COACHES ASSOCIATION,EXP,REDACTED_ADDRESS,REDACTED_CITY,MS,00000,0,080,"Badges, Awards, Emblems, Name Tags And Plates, Jewelry, Etc.",SE
132867,2003-02-01,9999-99-99,NATIONAL MARKING PRODUCTS,EXP,REDACTED_ADDRESS,REDACTED_CITY,VA,00000,0,080,"Badges, Awards, Emblems, Name Tags And Plates, Jewelry, Etc.",SE
132883,2003-02-01,9999-99-99,NATIONAL POLLUTION PREVENTION ROUNDTABLE,EXP,REDACTED_ADDRESS,REDACTED_CITY,DC,00000,0,052,Art Objects,NE
132899,2003-02-01,9999-99-99,NATIONAL SAFE BOATING COUNCIL,EXP,REDACTED_ADDRESS,REDACTED_CITY,VA,00000,0,037,"Amusement, Decorations, Entertainment, Gifts, Toys, Etc.",SE
134102,2003-02-01,9999-99-99,OLD DOMINION ELECTRICAL SUPPLY,EXP,REDACTED_ADDRESS,REDACTED_CITY,VA,00000,0,055,"Automotive Accessories For Automobiles, Buses, Trailers, Trucks,",SE
135044,2003-02-01,9999-99-99,PATRICKS FERRY FARM SHOP,EXP,REDACTED_ADDRESS,REDACTED_CITY,VA,00000,0,075,Automotive Shop And Related Equipment And Supplies,SE
135941,2003-02-01,9999-99-99,PITSCO INC,EXP,REDACTED_ADDRESS,REDACTED_CITY,KS,00000,0,050,Art Equipment And Supplies,MW
136199,2003-02-01,9999-99-99,POTOMAC ENVIRONMENTAL INC,EXP,REDACTED_ADDRESS,REDACTED_CITY,VA,00000,0,075,Automotive Shop And Related Equipment And Supplies,SE
136260,2003-02-01,9999-99-99,POWER PLUS INTERNATIONAL,EXP,REDACTED_ADDRESS,REDACTED_CITY,GA,00000,0,031,"Air Conditioning, Heating, And Ventilating Equipment, Parts And",SE
136405,2003-02-01,9999-99-99,PRIME AIR PRODUCTS COMPANY,EXP,REDACTED_ADDRESS,REDACTED_CITY,VA,00000,0,031,"Air Conditioning, Heating, And Ventilating Equipment, Parts And",SE
136741,2003-02-01,9999-99-99,PUTNEY MECHANICAL CO INC,EXP,REDACTED_ADDRESS,REDACTED_CITY,VA,00000,0,031,"Air Conditioning, Heating, And Ventilating Equipment, Parts And",SE
136860,2003-02-01,9999-99-99,R & R PRODUCTS INC,EXP,REDACTED_ADDRESS,REDACTED_CITY,AZ,00000,0,075,Automotive Shop And Related Equipment And Supplies,SW
136862,2003-02-01,9999-99-99,R & S NAMEBADGE INC,EXP,REDACTED_ADDRESS,REDACTED_CITY,VA,00000,0,080,"Badges, Awards, Emblems, Name Tags And Plates, Jewelry, Etc.",SE
137707,2003-02-01,9999-99-99,RESTAURANT EQUIPMENT REPAIR INC,EXP,REDACTED_ADDRESS,REDACTED_CITY,VA,00000,0,031,"Air Conditioning, Heating, And Ventilating Equipment, Parts And",SE
138776,2003-02-01,9999-99-99,ROCKINGHAM NEW HOLLAND INC,EXP,REDACTED_ADDRESS,REDACTED_CITY,VA,00000,0,022,Agricultural Equipment And Implement Parts,SE
139247,2003-02-01,9999-99-99,ROYS ELECTRIC MOTOR SERVICE INC,EXP,REDACTED_ADDRESS,REDACTED_CITY,VA,00000,0,031,"Air Conditioning, Heating, And Ventilating Equipment, Parts And",SE
139489,2003-02-01,9999-99-99,S&S WORLDWIDE INC,EXP,REDACTED_ADDRESS,REDACTED_CITY,CT,00000,0,050,Art Equipment And Supplies,NE
140884,2003-02-01,9999-99-99,SHENANDOAH FRAMING INC,EXP,REDACTED_ADDRESS,REDACTED_CITY,VA,00000,0,050,Art Equipment And Supplies,SE
140895,2003-02-01,9999-99-99,SHENANDOAH TROPHIES & AWARDS,EXP,REDACTED_ADDRESS,REDACTED_CITY,VA,00000,0,080,"Badges, Awards, Emblems, Name Tags And Plates, Jewelry, Etc.",SE
142418,2003-02-01,9999-99-99,STANDARD AUTO PARTS CO INC,EXP,REDACTED_ADDRESS,REDACTED_CITY,VA,00000,0,055,"Automotive Accessories For Automobiles, Buses, Trailers, Trucks,",SE
142535,2003-02-01,9999-99-99,STE PRINTS LTD,EXP,REDACTED_ADDRESS,REDACTED_CITY,SC,00000,0,037,"Amusement, Decorations, Entertainment, Gifts, Toys, Etc.",SE
143210,2003-02-01,9999-99-99,SUPERIOR EQUIPMENT SALES INC,EXP,REDACTED_ADDRESS,REDACTED_CITY,VA,00000,0,031,"Air Conditioning, Heating, And Ventilating Equipment, Parts And",SE
143592,2003-02-01,9999-99-99,TAG UP,EXP,REDACTED_ADDRESS,REDACTED_CITY,MN,00000,0,080,"Badges, Awards, Emblems, Name Tags And Plates, Jewelry, Etc.",MW
145136,2003-02-01,9999-99-99,TOMS REPAIR SERVICE,EXP,REDACTED_ADDRESS,REDACTED_CITY,VA,00000,0,060,Automotive And Trailer Equipment And Parts,SE
145570,2003-02-01,9999-99-99,TRIDENT PLASTICS INC,EXP,REDACTED_ADDRESS,REDACTED_CITY,VA,00000,0,010,"Acoustical Tile, Insulating Materials, And Supplies",SE
145801,2003-02-01,9999-99-99,TWIN VALLEY HIGH SCHOOL,EXP,REDACTED_ADDRESS,REDACTED_CITY,VA,00000,0,037,"Amusement, Decorations, Entertainment, Gifts, Toys, Etc.",SE
146153,2003-02-01,9999-99-99,UPTOWN NEON,EXP,REDACTED_ADDRESS,REDACTED_CITY,VA,00000,0,050,Art Equipment And Supplies,SE
147902,2003-02-01,9999-99-99,WADSWORTH CONTROL SYSTEMS INC,EXP,REDACTED_ADDRESS,REDACTED_CITY,CO,00000,0,031,"Air Conditioning, Heating, And Ventilating Equipment, Parts And",SW
148289,2003-02-01,9999-99-99,WASTE MANAGEMENT INC,EXP,REDACTED_ADDRESS,REDACTED_CITY,VA,00000,0,065,"Automotive And Trailer Bodies, Body Accessories, And Parts",SE
148425,2003-02-01,9999-99-99,WAYTEK INC,EXP,REDACTED_ADDRESS,REDACTED_CITY,MN,00000,0,060,Automotive And Trailer Equipment And Parts,MW
151427,2003-03-01,9999-99-99,ALPHA PHI SIGMA,EXP,REDACTED_ADDRESS,REDACTED_CITY,VA,00000,0,080,"Badges, Awards, Emblems, Name Tags And Plates, Jewelry, Etc.",SE
151445,2003-03-01,9999-99-99,ALTEC INDUSTRIES INC,EXP,REDACTED_ADDRESS,REDACTED_CITY,AL,00000,0,055,"Automotive Accessories For Automobiles, Buses, Trailers, Trucks,",SE
152596,2003-03-01,9999-99-99,ARCHIVAL PRODUCTS,EXP,REDACTED_ADDRESS,REDACTED_CITY,IA,00000,0,080,"Badges, Awards, Emblems, Name Tags And Plates, Jewelry, Etc.",MW
153035,2003-03-01,9999-99-99,ATLANTIC DOOR CONTROL INC,EXP,REDACTED_ADDRESS,REDACTED_CITY,MD,00000,0,075,Automotive Shop And Related Equipment And Supplies,NE
154165,2003-03-01,9999-99-99,BEST BUY,EXP,REDACTED_ADDRESS,REDACTED_CITY,VA,00000,0,035,"Aircraft And Airport Equipment, Parts, And Supplies",SE
154371,2003-03-01,9999-99-99,BILL TALLEY FORD INC,EXP,REDACTED_ADDRESS,REDACTED_CITY,VA,00000,0,060,Automotive And Trailer Equipment And Parts,SE
155058,2003-03-01,9999-99-99,BREEDEN & SILVER DISTRIBUTION CORP,EXP,REDACTED_ADDRESS,REDACTED_CITY,VA,00000,0,031,"Air Conditioning, Heating, And Ventilating Equipment, Parts And",SE
155639,2003-03-01,9999-99-99,BURKEVILLE BODY SHOP INC,EXP,REDACTED_ADDRESS,REDACTED_CITY,VA,00000,0,065,"Automotive And Trailer Bodies, Body Accessories, And Parts",SE
155741,2003-03-01,9999-99-99,BUTTERFIELDS INC,EXP,REDACTED_ADDRESS,REDACTED_CITY,VA,00000,0,060,Automotive And Trailer Equipment And Parts,SE
156013,2003-03-01,9999-99-99,CAMPERS TROPHIES & AWARDS,EXP,REDACTED_ADDRESS,REDACTED_CITY,VA,00000,0,080,"Badges, Awards, Emblems, Name Tags And Plates, Jewelry, Etc.",SE
156229,2003-03-01,9999-99-99,CARLYLE & ANDERSON,EXP,REDACTED_ADDRESS,REDACTED_CITY,VA,00000,0,060,Automotive And Trailer Equipment And Parts,SE
157619,2003-03-01,9999-99-99,CINEMA GUILD INC,EXP,REDACTED_ADDRESS,REDACTED_CITY,NY,00000,0,052,Art Objects,NE
158146,2003-03-01,9999-99-99,COLONIAL DOOR & GLASS,EXP,REDACTED_ADDRESS,REDACTED_CITY,VA,00000,0,060,Automotive And Trailer Equipment And Parts,SE
158979,2003-03-01,9999-99-99,CRESSET CORPORATION,EXP,REDACTED_ADDRESS,REDACTED_CITY,VA,00000,0,080,"Badges, Awards, Emblems, Name Tags And Plates, Jewelry, Etc.",SE
159060,2003-03-01,9999-99-99,CROWN AWARDS,EXP,REDACTED_ADDRESS,REDACTED_CITY,NY,00000,0,080,"Badges, Awards, Emblems, Name Tags And Plates, Jewelry, Etc.",NE
159602,2003-03-01,9999-99-99,DANNYS GLASS INC,EXP,REDACTED_ADDRESS,REDACTED_CITY,VA,00000,0,060,Automotive And Trailer Equipment And Parts,SE
159809,2003-03-01,9999-99-99,DAVID HART,EXP,REDACTED_ADDRESS,REDACTED_CITY,VA,00000,0,052,Art Objects,SE
159960,2003-03-01,9999-99-99,DAVIS & GREEN INC,EXP,REDACTED_ADDRESS,REDACTED_CITY,VA,00000,0,031,"Air Conditioning, Heating, And Ventilating Equipment, Parts And",SE
160383,2003-03-01,9999-99-99,DELTA AIR LINES,EXP,REDACTED_ADDRESS,REDACTED_CITY,GA,00000,0,035,"Aircraft And Airport Equipment, Parts, And Supplies",SE
160614,2003-03-01,9999-99-99,DESIGNS INC,EXP,REDACTED_ADDRESS,REDACTED_CITY,VA,00000,0,037,"Amusement, Decorations, Entertainment, Gifts, Toys, Etc.",SE
162025,2003-03-01,9999-99-99,EDCO,EXP,REDACTED_ADDRESS,REDACTED_CITY,FL,00000,0,037,"Amusement, Decorations, Entertainment, Gifts, Toys, Etc.",SE
162076,2003-03-01,9999-99-99,EDS AWARDS & ENGRAVING,EXP,REDACTED_ADDRESS,REDACTED_CITY,VA,00000,0,080,"Badges, Awards, Emblems, Name Tags And Plates, Jewelry, Etc.",SE
162267,2003-03-01,9999-99-99,ELECTRIC CONNECTION INC,EXP,REDACTED_ADDRESS,REDACTED_CITY,VA,00000,0,060,Automotive And Trailer Equipment And Parts,SE
163029,2003-03-01,9999-99-99,F H GASKINS CO INC,EXP,REDACTED_ADDRESS,REDACTED_CITY,VA,00000,0,025,Air Compressors And Accessories,SE
163089,2003-03-01,9999-99-99,FAIRFAX SCREEN PRINTING,EXP,REDACTED_ADDRESS,REDACTED_CITY,VA,00000,0,037,"Amusement, Decorations, Entertainment, Gifts, Toys, Etc.",SE
163150,2003-03-01,9999-99-99,FANTASY WORLD INC,EXP,REDACTED_ADDRESS,REDACTED_CITY,MD,00000,0,037,"Amusement, Decorations, Entertainment, Gifts, Toys, Etc.",NE
163366,2003-03-01,9999-99-99,FIBRE GLAST DEVELOPMENTS CORPORATION,EXP,REDACTED_ADDRESS,REDACTED_CITY,OH,00000,0,045,"Appliances And Equipment, Household Type",MW
163405,2003-03-01,9999-99-99,FILMSOURCE,EXP,REDACTED_ADDRESS,REDACTED_CITY,MO,00000,0,050,Art Equipment And Supplies,MW
164788,2003-03-01,9999-99-99,GETTY IMAGES US INC,EXP,REDACTED_ADDRESS,REDACTED_CITY,MO,00000,0,052,Art Objects,MW
165139,2003-03-01,9999-99-99,GOODMAN HARDWARE & GLASS CO.,EXP,REDACTED_ADDRESS,REDACTED_CITY,VA,00000,0,060,Automotive And Trailer Equipment And Parts,SE
165546,2003-03-01,9999-99-99,GROOVIN GOURMETS,EXP,REDACTED_ADDRESS,REDACTED_CITY,VA,00000,0,045,"Appliances And Equipment, Household Type",SE
165930,2003-03-01,9999-99-99,HAMPTON ROADS WHOLESALERS,EXP,REDACTED_ADDRESS,REDACTED_CITY,VA,00000,0,060,Automotive And Trailer Equipment And Parts,SE
166695,2003-03-01,9999-99-99,HERFF JONES COMPANY,EXP,REDACTED_ADDRESS,REDACTED_CITY,IN,00000,0,080,"Badges, Awards, Emblems, Name Tags And Plates, Jewelry, Etc.",MW
166780,2003-03-01,9999-99-99,HI-TECH ENGRAVING INC,EXP,REDACTED_ADDRESS,REDACTED_CITY,VA,00000,0,080,"Badges, Awards, Emblems, Name Tags And Plates, Jewelry, Etc.",SE
167628,2003-03-01,9999-99-99,HVAC INC,EXP,REDACTED_ADDRESS,REDACTED_CITY,TN,00000,0,031,"Air Conditioning, Heating, And Ventilating Equipment, Parts And",SE
167991,2003-03-01,9999-99-99,INTERFACE INC,EXP,REDACTED_ADDRESS,REDACTED_CITY,AZ,00000,0,060,Automotive And Trailer Equipment And Parts,SW
168081,2003-03-01,9999-99-99,INTERSTATE OFFICE SUPPLY CO,EXP,REDACTED_ADDRESS,REDACTED_CITY,VA,00000,0,015,"Addressing, Copying, Mimeograph, And Spirit Duplicating Machine",SE
170520,2003-03-01,9999-99-99,JUSTMAN BRUSH COMPANY,EXP,REDACTED_ADDRESS,REDACTED_CITY,NE,00000,0,075,Automotive Shop And Related Equipment And Supplies,MW
172503,2003-03-01,9999-99-99,LEETE TIRE & AUTO CENTER INC,EXP,REDACTED_ADDRESS,REDACTED_CITY,VA,00000,0,060,Automotive And Trailer Equipment And Parts,SE
173249,2003-03-01,9999-99-99,LONGLEAF SERVICES INC,EXP,REDACTED_ADDRESS,REDACTED_CITY,NC,00000,0,037,"Amusement, Decorations, Entertainment, Gifts, Toys, Etc.",SE
174277,2003-03-01,9999-99-99,MARKETLAB INC,EXP,REDACTED_ADDRESS,REDACTED_CITY,MI,00000,0,031,"Air Conditioning, Heating, And Ventilating Equipment, Parts And",MW
177472,2003-03-01,9999-99-99,NEW HAMPSHIRE CLOCKS,EXP,REDACTED_ADDRESS,REDACTED_CITY,NH,00000,0,080,"Badges, Awards, Emblems, Name Tags And Plates, Jewelry, Etc.",NE
178054,2003-03-01,9999-99-99,O C TANNER RECOGNITION COMPANY,EXP,REDACTED_ADDRESS,REDACTED_CITY,UT,00000,0,080,"Badges, Awards, Emblems, Name Tags And Plates, Jewelry, Etc.",SW
178253,2003-03-01,9999-99-99,OIL EQUIPMENT SALES AND SERVICE CO INC,EXP,REDACTED_ADDRESS,REDACTED_CITY,VA,00000,0,025,Air Compressors And Accessories,SE
178768,2003-03-01,9999-99-99,PAPERDIRECT,EXP,REDACTED_ADDRESS,REDACTED_CITY,CO,00000,0,080,"Badges, Awards, Emblems, Name Tags And Plates, Jewelry, Etc.",SW
178863,2003-03-01,9999-99-99,PARS INTERNATIONAL CORP,EXP,REDACTED_ADDRESS,REDACTED_CITY,NY,00000,0,080,"Badges, Awards, Emblems, Name Tags And Plates, Jewelry, Etc.",NE
179684,2003-03-01,9999-99-99,PHOTOGRAPHERS FORMULARY,EXP,REDACTED_ADDRESS,REDACTED_CITY,MT,00000,0,050,Art Equipment And Supplies,W
181030,2003-03-01,9999-99-99,REACTIVE METALS STUDIO INC,EXP,REDACTED_ADDRESS,REDACTED_CITY,AZ,00000,0,050,Art Equipment And Supplies,SW
182874,2003-03-01,9999-99-99,S & K OFFICE PRODUCTS INC,EXP,REDACTED_ADDRESS,REDACTED_CITY,VA,00000,0,015,"Addressing, Copying, Mimeograph, And Spirit Duplicating Machine",SE
184421,2003-03-01,9999-99-99,SIGMA TAU DELTA,EXP,REDACTED_ADDRESS,REDACTED_CITY,IL,00000,0,080,"Badges, Awards, Emblems, Name Tags And Plates, Jewelry, Etc.",MW
184437,2003-03-01,9999-99-99,SIGNS PLAQUES & MORE,EXP,REDACTED_ADDRESS,REDACTED_CITY,VA,00000,0,080,"Badges, Awards, Emblems, Name Tags And Plates, Jewelry, Etc.",SE
184581,2003-03-01,9999-99-99,SKYLINE EQUIPMENT SALES INC,EXP,REDACTED_ADDRESS,REDACTED_CITY,VA,00000,0,031,"Air Conditioning, Heating, And Ventilating Equipment, Parts And",SE
186502,2003-03-01,9999-99-99,TACTICAL & SURVIVAL SPECIALTIES INC,EXP,REDACTED_ADDRESS,REDACTED_CITY,VA,00000,0,055,"Automotive Accessories For Automobiles, Buses, Trailers, Trucks,",SE
187867,2003-03-01,9999-99-99,TIRE CITY INC,EXP,REDACTED_ADDRESS,REDACTED_CITY,VA,00000,0,060,Automotive And Trailer Equipment And Parts,SE
187880,2003-03-01,9999-99-99,TJOHNE PRODUCTIONS INC,EXP,REDACTED_ADDRESS,REDACTED_CITY,MI,00000,0,037,"Amusement, Decorations, Entertainment, Gifts, Toys, Etc.",MW
188318,2003-03-01,9999-99-99,TROPHY SHOP,EXP,REDACTED_ADDRESS,REDACTED_CITY,VA,00000,0,080,"Badges, Awards, Emblems, Name Tags And Plates, Jewelry, Etc.",SE
190619,2003-03-01,9999-99-99,WASHINGTON BLADE,EXP,REDACTED_ADDRESS,REDACTED_CITY,DC,00000,0,037,"Amusement, Decorations, Entertainment, Gifts, Toys, Etc.",NE
191716,2003-03-01,9999-99-99,WIRELESS COMMUNICATIONS INC,EXP,REDACTED_ADDRESS,REDACTED_CITY,VA,00000,0,055,"Automotive Accessories For Automobiles, Buses, Trailers, Trucks,",SE
191775,2003-03-01,9999-99-99,WOLF TRAP FOUNDATION FOR THE PERFORMING,EXP,REDACTED_ADDRESS,REDACTED_CITY,VA,00000,0,037,"Amusement, Decorations, Entertainment, Gifts, Toys, Etc.",SE
191799,2003-03-01,9999-99-99,WOMACK ELECTRIC & SUPPLY CO INC,EXP,REDACTED_ADDRESS,REDACTED_CITY,VA,00000,0,031,"Air Conditioning, Heating, And Ventilating Equipment, Parts And",SE
192627,2003-04-01,9999-99-99,A LOGO FOR YOU INC,EXP,REDACTED_ADDRESS,REDACTED_CITY,VA,00000,0,080,"Badges, Awards, Emblems, Name Tags And Plates, Jewelry, Etc.",SE
192985,2003-04-01,9999-99-99,AD-CENTIVE MARKETING,EXP,REDACTED_ADDRESS,REDACTED_CITY,VA,00000,0,037,"Amusement, Decorations, Entertainment, Gifts, Toys, Etc.",SE
193324,2003-04-01,9999-99-99,AIR CONDITIONING EQUIPMENT SALES INC,EXP,REDACTED_ADDRESS,REDACTED_CITY,VA,00000,0,031,"Air Conditioning, Heating, And Ventilating Equipment, Parts And",SE
193330,2003-04-01,9999-99-99,AIR MECHANICAL SALES INC,EXP,REDACTED_ADDRESS,REDACTED_CITY,VA,00000,0,031,"Air Conditioning, Heating, And Ventilating Equipment, Parts And",SE
194061,2003-04-01,9999-99-99,ALPHA PSI OMEGA,EXP,REDACTED_ADDRESS,REDACTED_CITY,KS,00000,0,080,"Badges, Awards, Emblems, Name Tags And Plates, Jewelry, Etc.",MW
194607,2003-04-01,9999-99-99,AMERICAN ELECTRIC SERVICE CO INC,EXP,REDACTED_ADDRESS,REDACTED_CITY,VA,00000,0,031,"Air Conditioning, Heating, And Ventilating Equipment, Parts And",SE
194617,2003-04-01,9999-99-99,AMERICAN FOUNDATION FOR THE BLIND,EXP,REDACTED_ADDRESS,REDACTED_CITY,NY,00000,0,037,"Amusement, Decorations, Entertainment, Gifts, Toys, Etc.",NE
194920,2003-04-01,9999-99-99,ANDERSON TRACTOR & EQUIPMENT INC,EXP,REDACTED_ADDRESS,REDACTED_CITY,VA,00000,0,022,Agricultural Equipment And Implement Parts,SE
196257,2003-04-01,9999-99-99,ASSOCIATED PRESS,EXP,REDACTED_ADDRESS,REDACTED_CITY,NY,00000,0,052,Art Objects,NE
196361,2003-04-01,9999-99-99,ATLANTIC CONSTRUCTORS INC,EXP,REDACTED_ADDRESS,REDACTED_CITY,VA,00000,0,031,"Air Conditioning, Heating, And Ventilating Equipment, Parts And",SE
197788,2003-04-01,9999-99-99,BELCHERS TROPHIES LLC,EXP,REDACTED_ADDRESS,REDACTED_CITY,VA,00000,0,080,"Badges, Awards, Emblems, Name Tags And Plates, Jewelry, Etc.",SE
198902,2003-04-01,9999-99-99,BIO-MEDIC HEALTH SERVICES INC,EXP,REDACTED_ADDRESS,REDACTED_CITY,VA,00000,0,031,"Air Conditioning, Heating, And Ventilating Equipment, Parts And",SE
199109,2003-04-01,9999-99-99,BLEVINS BUILDING SUPPLY,EXP,REDACTED_ADDRESS,REDACTED_CITY,VA,00000,0,085,"Bags, Bagging, Ties, And Erosion Sheeting, Etc.",SE
200371,2003-04-01,9999-99-99,BROWN INDUSTRIES INC,EXP,REDACTED_ADDRESS,REDACTED_CITY,PA,00000,0,080,"Badges, Awards, Emblems, Name Tags And Plates, Jewelry, Etc.",NE
200835,2003-04-01,9999-99-99,BUSCH GARDENS WILLIAMSBURG,EXP,REDACTED_ADDRESS,REDACTED_CITY,VA,00000,0,037,"Amusement, Decorations, Entertainment, Gifts, Toys, Etc.",SE
201620,2003-04-01,9999-99-99,CARL WRIGHTS GARAGE INC,EXP,REDACTED_ADDRESS,REDACTED_CITY,VA,00000,0,035,"Aircraft And Airport Equipment, Parts, And Supplies",SE
202697,2003-04-01,9999-99-99,CERTIFIED LABORATORIES DIVISION,EXP,REDACTED_ADDRESS,REDACTED_CITY,TX,00000,0,075,Automotive Shop And Related Equipment And Supplies,SW
204061,2003-04-01,9999-99-99,CINTAS CORPORATION NO 2,EXP,REDACTED_ADDRESS,REDACTED_CITY,VA,00000,0,075,Automotive Shop And Related Equipment And Supplies,SE
204984,2003-04-01,9999-99-99,COLONIAL REPAIR INC,EXP,REDACTED_ADDRESS,REDACTED_CITY,VA,00000,0,045,"Appliances And Equipment, Household Type",SE
205064,2003-04-01,9999-99-99,COMMERCIAL MECHANICAL SERVICE INC,EXP,REDACTED_ADDRESS,REDACTED_CITY,VA,00000,0,031,"Air Conditioning, Heating, And Ventilating Equipment, Parts And",SE
206023,2003-04-01,9999-99-99,CREST FOOD SERVICE EQUIPMENT CO,EXP,REDACTED_ADDRESS,REDACTED_CITY,VA,00000,0,045,"Appliances And Equipment, Household Type",SE
207198,2003-04-01,9999-99-99,DATAARC LLC,EXP,REDACTED_ADDRESS,REDACTED_CITY,TX,00000,0,031,"Air Conditioning, Heating, And Ventilating Equipment, Parts And",SW
207719,2003-04-01,9999-99-99,DAVIS-MERCHANT EQUIPMENT CO INC,EXP,REDACTED_ADDRESS,REDACTED_CITY,VA,00000,0,060,Automotive And Trailer Equipment And Parts,SE
208273,2003-04-01,9999-99-99,DELTA AUTOMATION INC,EXP,REDACTED_ADDRESS,REDACTED_CITY,VA,00000,0,031,"Air Conditioning, Heating, And Ventilating Equipment, Parts And",SE
212040,2003-04-01,9999-99-99,ELSEVIER INC,EXP,REDACTED_ADDRESS,REDACTED_CITY,PA,00000,0,031,"Air Conditioning, Heating, And Ventilating Equipment, Parts And",NE
212391,2003-04-01,9999-99-99,ENTERPRISE LEASING CO OF NORFOLK RICHMON,EXP,REDACTED_ADDRESS,REDACTED_CITY,VA,00000,0,071,"Automobiles, School Buses, Suvs, And Vans (Including Diesel,",SE
213713,2003-04-01,9999-99-99,FARMVILLE WHOLESALE ELECTRIC SUPPLY CO,EXP,REDACTED_ADDRESS,REDACTED_CITY,VA,00000,0,060,Automotive And Trailer Equipment And Parts,SE
213963,2003-04-01,9999-99-99,FIELDER ELECTRIC MOTOR REPAIR INC,EXP,REDACTED_ADDRESS,REDACTED_CITY,VA,00000,0,025,Air Compressors And Accessories,SE
214102,2003-04-01,9999-99-99,FITNESS FIRST,EXP,REDACTED_ADDRESS,REDACTED_CITY,MO,00000,0,065,"Automotive And Trailer Bodies, Body Accessories, And Parts",MW
214152,2003-04-01,9999-99-99,FLEETPRIDE,EXP,REDACTED_ADDRESS,REDACTED_CITY,VA,00000,0,060,Automotive And Trailer Equipment And Parts,SE
214440,2003-04-01,9999-99-99,FOSTER ELECTRIC CO INC,EXP,REDACTED_ADDRESS,REDACTED_CITY,VA,00000,0,055,"Automotive Accessories For Automobiles, Buses, Trailers, Trucks,",SE
215099,2003-04-01,9999-99-99,FREEDOM FORD LINCOLN MERCURY INC,EXP,REDACTED_ADDRESS,REDACTED_CITY,VA,00000,0,055,"Automotive Accessories For Automobiles, Buses, Trailers, Trucks,",SE
217590,2003-04-01,9999-99-99,GREENLINE SERVICE CORP,EXP,REDACTED_ADDRESS,REDACTED_CITY,VA,00000,0,020,"Agricultural Equipment, Implements, And Accessories (See Class",SE
218249,2003-04-01,9999-99-99,HALLPRINT PTY LTD,EXP,REDACTED_ADDRESS,REDACTED_CITY,,00000,0,040,"Animals, Birds, Marine Life, And Poultry, Live, (Including Accessory",INT
220987,2003-04-01,9999-99-99,HURDS INC,EXP,REDACTED_ADDRESS,REDACTED_CITY,VA,00000,0,085,"Bags, Bagging, Ties, And Erosion Sheeting, Etc.",SE
221272,2003-04-01,9999-99-99,IN THE NEWS INC,EXP,REDACTED_ADDRESS,REDACTED_CITY,FL,00000,0,080,"Badges, Awards, Emblems, Name Tags And Plates, Jewelry, Etc.",SE
223719,2003-04-01,9999-99-99,JARRATT HARDWARE,EXP,REDACTED_ADDRESS,REDACTED_CITY,VA,00000,0,045,"Appliances And Equipment, Household Type",SE
224366,2003-04-01,9999-99-99,JERRY B PETERS SALES INC,EXP,REDACTED_ADDRESS,REDACTED_CITY,VA,00000,0,037,"Amusement, Decorations, Entertainment, Gifts, Toys, Etc.",SE
235054,2003-04-01,9999-99-99,MCKESSON CORPORATION,EXP,REDACTED_ADDRESS,REDACTED_CITY,NY,00000,0,055,"Automotive Accessories For Automobiles, Buses, Trailers, Trucks,",NE
235185,2003-04-01,9999-99-99,MECHANICAL BALANCING INC,EXP,REDACTED_ADDRESS,REDACTED_CITY,VA,00000,0,031,"Air Conditioning, Heating, And Ventilating Equipment, Parts And",SE
235934,2003-04-01,9999-99-99,MICHAELS STORES INC,EXP,REDACTED_ADDRESS,REDACTED_CITY,TX,00000,0,050,Art Equipment And Supplies,SW
236382,2003-04-01,9999-99-99,MILLERS OFFICE PRODUCTS INC,EXP,REDACTED_ADDRESS,REDACTED_CITY,VA,00000,0,015,"Addressing, Copying, Mimeograph, And Spirit Duplicating Machine",SE
238079,2003-04-01,9999-99-99,NATIONAL SOCIETY OF BLACK ENGINEERS,EXP,REDACTED_ADDRESS,REDACTED_CITY,VA,00000,0,037,"Amusement, Decorations, Entertainment, Gifts, Toys, Etc.",SE
238971,2003-04-01,9999-99-99,NORTHSIDE FLOWER SHOP INC,EXP,REDACTED_ADDRESS,REDACTED_CITY,VA,00000,0,080,"Badges, Awards, Emblems, Name Tags And Plates, Jewelry, Etc.",SE
240204,2003-04-01,9999-99-99,PARKER BATTERY INC,EXP,REDACTED_ADDRESS,REDACTED_CITY,VA,00000,0,075,Automotive Shop And Related Equipment And Supplies,SE
240289,2003-04-01,9999-99-99,PARTY TRAIN ENTERTAINMENT,EXP,REDACTED_ADDRESS,REDACTED_CITY,TN,00000,0,037,"Amusement, Decorations, Entertainment, Gifts, Toys, Etc.",SE
242616,2003-04-01,9999-99-99,PROJECT ADVENTURE INC,EXP,REDACTED_ADDRESS,REDACTED_CITY,MA,00000,0,037,"Amusement, Decorations, Entertainment, Gifts, Toys, Etc.",NE
243130,2003-04-01,9999-99-99,RAGSDALE BUILDING SUPPLY CTR INC,EXP,REDACTED_ADDRESS,REDACTED_CITY,VA,00000,0,010,"Acoustical Tile, Insulating Materials, And Supplies",SE
244781,2003-04-01,9999-99-99,RIO GRANDE ART SUPPLIES,EXP,REDACTED_ADDRESS,REDACTED_CITY,NM,00000,0,005,Abrasives,SW
246909,2003-04-01,9999-99-99,RUSSELL COUNTY SCHOOL BOARD,EXP,REDACTED_ADDRESS,REDACTED_CITY,VA,00000,0,037,"Amusement, Decorations, Entertainment, Gifts, Toys, Etc.",SE
247293,2003-04-01,9999-99-99,SAFETY SERVICE CENTER,EXP,REDACTED_ADDRESS,REDACTED_CITY,VA,00000,0,060,Automotive And Trailer Equipment And Parts,SE
249479,2003-04-01,9999-99-99,SIGN SOLUTIONS INC,EXP,REDACTED_ADDRESS,REDACTED_CITY,TX,00000,0,080,"Badges, Awards, Emblems, Name Tags And Plates, Jewelry, Etc.",SW
249523,2003-04-01,9999-99-99,SIMAR ENTERPRISES,EXP,REDACTED_ADDRESS,REDACTED_CITY,VA,00000,0,037,"Amusement, Decorations, Entertainment, Gifts, Toys, Etc.",SE
250198,2003-04-01,9999-99-99,SOUTHEASTERN EMERGENCY EQUIPMENT,EXP,REDACTED_ADDRESS,REDACTED_CITY,NC,00000,0,052,Art Objects,SE
250357,2003-04-01,9999-99-99,SPECIAL EVENTS ENTERTAINMENT INC,EXP,REDACTED_ADDRESS,REDACTED_CITY,VA,00000,0,037,"Amusement, Decorations, Entertainment, Gifts, Toys, Etc.",SE
250597,2003-04-01,9999-99-99,STAFFORD SMITH INC,EXP,REDACTED_ADDRESS,REDACTED_CITY,MI,00000,0,045,"Appliances And Equipment, Household Type",MW
250712,2003-04-01,9999-99-99,STARBUCKS COFFEE COMPANY,EXP,REDACTED_ADDRESS,REDACTED_CITY,WA,00000,0,037,"Amusement, Decorations, Entertainment, Gifts, Toys, Etc.",W
253088,2003-04-01,9999-99-99,THE SELECTIVE DOCTOR INC,EXP,REDACTED_ADDRESS,REDACTED_CITY,MD,00000,0,037,"Amusement, Decorations, Entertainment, Gifts, Toys, Etc.",NE
253335,2003-04-01,9999-99-99,THERMO TROL SYSTEMS INC,EXP,REDACTED_ADDRESS,REDACTED_CITY,VA,00000,0,031,"Air Conditioning, Heating, And Ventilating Equipment, Parts And",SE
253356,2003-04-01,9999-99-99,THINGS REMEMBERED INC,EXP,REDACTED_ADDRESS,REDACTED_CITY,OH,00000,0,050,Art Equipment And Supplies,MW
254282,2003-04-01,9999-99-99,TONY CARILLI,EXP,REDACTED_ADDRESS,REDACTED_CITY,VA,00000,0,080,"Badges, Awards, Emblems, Name Tags And Plates, Jewelry, Etc.",SE
254695,2003-04-01,9999-99-99,TROPHY MART,EXP,REDACTED_ADDRESS,REDACTED_CITY,VA,00000,0,080,"Badges, Awards, Emblems, Name Tags And Plates, Jewelry, Etc.",SE
254696,2003-04-01,9999-99-99,TROPHY WORLD INC,EXP,REDACTED_ADDRESS,REDACTED_CITY,VA,00000,0,080,"Badges, Awards, Emblems, Name Tags And Plates, Jewelry, Etc.",SE
254832,2003-04-01,9999-99-99,TURF-TEC INTERNATIONAL,EXP,REDACTED_ADDRESS,REDACTED_CITY,FL,00000,0,031,"Air Conditioning, Heating, And Ventilating Equipment, Parts And",SE
255065,2003-04-01,9999-99-99,UNITED SHEET METAL,EXP,REDACTED_ADDRESS,REDACTED_CITY,VA,00000,0,031,"Air Conditioning, Heating, And Ventilating Equipment, Parts And",SE
255211,2003-04-01,9999-99-99,UPSILON PI EPSILON,EXP,REDACTED_ADDRESS,REDACTED_CITY,CA,00000,0,080,"Badges, Awards, Emblems, Name Tags And Plates, Jewelry, Etc.",W
255402,2003-04-01,9999-99-99,VA INDUSTRIES F T BLIND,EXP,REDACTED_ADDRESS,REDACTED_CITY,VA,00000,0,037,"Amusement, Decorations, Entertainment, Gifts, Toys, Etc.",SE
255632,2003-04-01,9999-99-99,VANGUARD INDUSTRIES EAST,EXP,REDACTED_ADDRESS,REDACTED_CITY,VA,00000,0,080,"Badges, Awards, Emblems, Name Tags And Plates, Jewelry, Etc.",SE
257627,2003-04-01,9999-99-99,WAL-MART,EXP,REDACTED_ADDRESS,REDACTED_CITY,VA,00000,0,037,"Amusement, Decorations, Entertainment, Gifts, Toys, Etc.",SE
260310,2003-04-01,9999-99-99,WOODWAY USA INC,EXP,REDACTED_ADDRESS,REDACTED_CITY,WI,00000,0,060,Automotive And Trailer Equipment And Parts,MW
260447,2003-04-01,9999-99-99,WRT CORPORATION,EXP,REDACTED_ADDRESS,REDACTED_CITY,VA,00000,0,025,Air Compressors And Accessories,SE
261358,2004-01-01,9999-99-99,ABLE GLASS SERVICES OF RICHMOND,EXP,REDACTED_ADDRESS,REDACTED_CITY,VA,00000,0,060,Automotive And Trailer Equipment And Parts,SE
261405,2004-01-01,9999-99-99,ACE REBUILDERS INC,EXP,REDACTED_ADDRESS,REDACTED_CITY,VA,00000,0,022,Agricultural Equipment And Implement Parts,SE
265258,2004-01-01,9999-99-99,CAPITAL JANITORIAL SUPPLY & SERVICE LLC,EXP,REDACTED_ADDRESS,REDACTED_CITY,VA,00000,0,045,"Appliances And Equipment, Household Type",SE
265606,2004-01-01,9999-99-99,CARUS PUBLISHING COMPANY,EXP,REDACTED_ADDRESS,REDACTED_CITY,IL,00000,0,037,"Amusement, Decorations, Entertainment, Gifts, Toys, Etc.",MW
265640,2004-01-01,9999-99-99,CASTLE BRANCH INC,EXP,REDACTED_ADDRESS,REDACTED_CITY,NC,00000,0,037,"Amusement, Decorations, Entertainment, Gifts, Toys, Etc.",SE
267098,2004-01-01,9999-99-99,CORPORATE IMPRINTS INC,EXP,REDACTED_ADDRESS,REDACTED_CITY,VA,00000,0,037,"Amusement, Decorations, Entertainment, Gifts, Toys, Etc.",SE
267394,2004-01-01,9999-99-99,CROWN TROPHY,EXP,REDACTED_ADDRESS,REDACTED_CITY,VA,00000,0,080,"Badges, Awards, Emblems, Name Tags And Plates, Jewelry, Etc.",SE
268798,2004-01-01,9999-99-99,DIXIE SHEET METAL WORKS INC,EXP,REDACTED_ADDRESS,REDACTED_CITY,VA,00000,0,031,"Air Conditioning, Heating, And Ventilating Equipment, Parts And",SE
270468,2004-01-01,9999-99-99,FASTSIGNS OF FAIRFAX,EXP,REDACTED_ADDRESS,REDACTED_CITY,VA,00000,0,052,Art Objects,SE
270748,2004-01-01,9999-99-99,FMB LAUNDRY INC.,EXP,REDACTED_ADDRESS,REDACTED_CITY,MD,00000,0,045,"Appliances And Equipment, Household Type",NE
273465,2004-01-01,9999-99-99,HYDRO-TECH IRRIGATION CO,EXP,REDACTED_ADDRESS,REDACTED_CITY,VA,00000,0,022,Agricultural Equipment And Implement Parts,SE
274116,2004-01-01,9999-99-99,JAMES ALLEN PRINTING,EXP,REDACTED_ADDRESS,REDACTED_CITY,VA,00000,0,052,Art Objects,SE
274624,2004-01-01,9999-99-99,JEFFS FLOWERS OF COURSE INC,EXP,REDACTED_ADDRESS,REDACTED_CITY,VA,00000,0,037,"Amusement, Decorations, Entertainment, Gifts, Toys, Etc.",SE
276918,2004-01-01,9999-99-99,LARRY ARNTZ INC,EXP,REDACTED_ADDRESS,REDACTED_CITY,VA,00000,0,037,"Amusement, Decorations, Entertainment, Gifts, Toys, Etc.",SE
278960,2004-01-01,9999-99-99,MATERIAL HANDLING SUPPLY INC,EXP,REDACTED_ADDRESS,REDACTED_CITY,VA,00000,0,075,Automotive Shop And Related Equipment And Supplies,SE
279853,2004-01-01,9999-99-99,MIKES GLASS & MIRROR CO INC,EXP,REDACTED_ADDRESS,REDACTED_CITY,VA,00000,0,050,Art Equipment And Supplies,SE
280374,2004-01-01,9999-99-99,MT AIRY EQUIPMENT COMPANY INC,EXP,REDACTED_ADDRESS,REDACTED_CITY,NC,00000,0,071,"Automobiles, School Buses, Suvs, And Vans (Including Diesel,",SE
281831,2004-01-01,9999-99-99,PARAMOUNT MECHANICAL CORP,EXP,REDACTED_ADDRESS,REDACTED_CITY,VA,00000,0,031,"Air Conditioning, Heating, And Ventilating Equipment, Parts And",SE
282575,2004-01-01,9999-99-99,PIONEER MANUFACTURING COMPANY,EXP,REDACTED_ADDRESS,REDACTED_CITY,OH,00000,0,025,Air Compressors And Accessories,MW
284552,2004-01-01,9999-99-99,ROSE BRAND,EXP,REDACTED_ADDRESS,REDACTED_CITY,NJ,00000,0,022,Agricultural Equipment And Implement Parts,NE
287602,2004-01-01,9999-99-99,TAYLOR MADE FOR YOU INC,EXP,REDACTED_ADDRESS,REDACTED_CITY,VA,00000,0,037,"Amusement, Decorations, Entertainment, Gifts, Toys, Etc.",SE
287965,2004-01-01,9999-99-99,THE THOMASTON CORP,EXP,REDACTED_ADDRESS,REDACTED_CITY,NY,00000,0,037,"Amusement, Decorations, Entertainment, Gifts, Toys, Etc.",NE
288890,2004-01-01,9999-99-99,UNITED REFRIGERATION,EXP,REDACTED_ADDRESS,REDACTED_CITY,VA,00000,0,045,"Appliances And Equipment, Household Type",SE
289849,2004-01-01,9999-99-99,VERNIER SOFTWARE & TECHNOLOGY LLC,EXP,REDACTED_ADDRESS,REDACTED_CITY,OR,00000,0,031,"Air Conditioning, Heating, And Ventilating Equipment, Parts And",W
290321,2004-01-01,9999-99-99,WALDRON INC,EXP,REDACTED_ADDRESS,REDACTED_CITY,VA,00000,0,031,"Air Conditioning, Heating, And Ventilating Equipment, Parts And",SE
291329,2004-01-01,9999-99-99,WOLTERS KLUWER HEALTH INC,EXP,REDACTED_ADDRESS,REDACTED_CITY,IN,00000,0,052,Art Objects,MW
291656,2004-01-01,9999-99-99,YSI INCORPORATED,EXP,REDACTED_ADDRESS,REDACTED_CITY,OH,00000,0,031,"Air Conditioning, Heating, And Ventilating Equipment, Parts And",MW
293812,2004-02-01,9999-99-99,CAR POOL LLC,EXP,REDACTED_ADDRESS,REDACTED_CITY,VA,00000,0,071,"Automobiles, School Buses, Suvs, And Vans (Including Diesel,",SE
294584,2004-02-01,9999-99-99,COMMERCIAL LAUNDRY EQUIPMENT,EXP,REDACTED_ADDRESS,REDACTED_CITY,VA,00000,0,045,"Appliances And Equipment, Household Type",SE
295618,2004-02-01,9999-99-99,DOMINION ENERGY MANAGEMENT INC,EXP,REDACTED_ADDRESS,REDACTED_CITY,VA,00000,0,031,"Air Conditioning, Heating, And Ventilating Equipment, Parts And",SE
297202,2004-02-01,9999-99-99,GULLETT DESIGN,EXP,REDACTED_ADDRESS,REDACTED_CITY,GA,00000,0,037,"Amusement, Decorations, Entertainment, Gifts, Toys, Etc.",SE
297911,2004-02-01,9999-99-99,INGE EQUIPMENT CO INC,EXP,REDACTED_ADDRESS,REDACTED_CITY,VA,00000,0,031,"Air Conditioning, Heating, And Ventilating Equipment, Parts And",SE
299127,2004-02-01,9999-99-99,KAPLAN EARLY LEARNING CO,EXP,REDACTED_ADDRESS,REDACTED_CITY,NC,00000,0,075,Automotive Shop And Related Equipment And Supplies,SE
302604,2004-02-01,9999-99-99,PRSA RICHMOND,EXP,REDACTED_ADDRESS,REDACTED_CITY,VA,00000,0,080,"Badges, Awards, Emblems, Name Tags And Plates, Jewelry, Etc.",SE
302611,2004-02-01,9999-99-99,PSPRINT,EXP,REDACTED_ADDRESS,REDACTED_CITY,CA,00000,0,037,"Amusement, Decorations, Entertainment, Gifts, Toys, Etc.",W
306845,2004-02-01,9999-99-99,YLS INC,EXP,REDACTED_ADDRESS,REDACTED_CITY,VA,00000,0,020,"Agricultural Equipment, Implements, And Accessories (See Class",SE
308906,2004-03-01,9999-99-99,ASSISTIVE TECHNOLOGY INDUSTRY ASSOC,EXP,REDACTED_ADDRESS,REDACTED_CITY,IL,00000,0,037,"Amusement, Decorations, Entertainment, Gifts, Toys, Etc.",MW
309280,2004-03-01,9999-99-99,B&B PRINTING CO INC,EXP,REDACTED_ADDRESS,REDACTED_CITY,VA,00000,0,015,"Addressing, Copying, Mimeograph, And Spirit Duplicating Machine",SE
310194,2004-03-01,9999-99-99,BIOMARK INC,EXP,REDACTED_ADDRESS,REDACTED_CITY,ID,00000,0,040,"Animals, Birds, Marine Life, And Poultry, Live, (Including Accessory",W
310540,2004-03-01,9999-99-99,BOONE & BECKNER,EXP,REDACTED_ADDRESS,REDACTED_CITY,VA,00000,0,022,Agricultural Equipment And Implement Parts,SE
313188,2004-03-01,9999-99-99,COASTAL LIGHTING & SUPPLY,EXP,REDACTED_ADDRESS,REDACTED_CITY,VA,00000,0,045,"Appliances And Equipment, Household Type",SE
315729,2004-03-01,9999-99-99,DOMINION OFFICE PRODUCTS,EXP,REDACTED_ADDRESS,REDACTED_CITY,VA,00000,0,055,"Automotive Accessories For Automobiles, Buses, Trailers, Trucks,",SE
316850,2004-03-01,9999-99-99,EMBLEMS INC,EXP,REDACTED_ADDRESS,REDACTED_CITY,NC,00000,0,080,"Badges, Awards, Emblems, Name Tags And Plates, Jewelry, Etc.",SE
317706,2004-03-01,9999-99-99,FLOWERS BAKING CO OF NORFOLK LLC,EXP,REDACTED_ADDRESS,REDACTED_CITY,VA,00000,0,045,"Appliances And Equipment, Household Type",SE
320579,2004-03-01,9999-99-99,HOOVER & STRONG INC,EXP,REDACTED_ADDRESS,REDACTED_CITY,VA,00000,0,050,Art Equipment And Supplies,SE
327168,2004-03-01,9999-99-99,MCCORMICK PAINT WORKS COMPANY,EXP,REDACTED_ADDRESS,REDACTED_CITY,VA,00000,0,010,"Acoustical Tile, Insulating Materials, And Supplies",SE
328497,2004-03-01,9999-99-99,MOSLOW WOOD PRODUCTS INC,EXP,REDACTED_ADDRESS,REDACTED_CITY,VA,00000,0,052,Art Objects,SE
329755,2004-03-01,9999-99-99,OLD DOMINION FIRESTOPPING LLC,EXP,REDACTED_ADDRESS,REDACTED_CITY,VA,00000,0,010,"Acoustical Tile, Insulating Materials, And Supplies",SE
333235,2004-03-01,9999-99-99,ROUTE 11 EQUIPMENT SALES LLC,EXP,REDACTED_ADDRESS,REDACTED_CITY,VA,00000,0,031,"Air Conditioning, Heating, And Ventilating Equipment, Parts And",SE
338233,2004-03-01,9999-99-99,UTRECHT MFG CORP,EXP,REDACTED_ADDRESS,REDACTED_CITY,NJ,00000,0,050,Art Equipment And Supplies,NE
338323,2004-03-01,9999-99-99,VA RUNNER,EXP,REDACTED_ADDRESS,REDACTED_CITY,VA,00000,0,055,"Automotive Accessories For Automobiles, Buses, Trailers, Trucks,",SE
341871,2004-04-01,9999-99-99,ADVERTISING PROMOTIONS AND DESIGN,EXP,REDACTED_ADDRESS,REDACTED_CITY,VA,00000,0,037,"Amusement, Decorations, Entertainment, Gifts, Toys, Etc.",SE
342739,2004-04-01,9999-99-99,AMERICAN METAL FABRICATIONS,EXP,REDACTED_ADDRESS,REDACTED_CITY,VA,00000,0,065,"Automotive And Trailer Bodies, Body Accessories, And Parts",SE
342779,2004-04-01,9999-99-99,AMERICAN WELDING & CONSTRUCTION SUPPLY,EXP,REDACTED_ADDRESS,REDACTED_CITY,VA,00000,0,055,"Automotive Accessories For Automobiles, Buses, Trailers, Trucks,",SE
343404,2004-04-01,9999-99-99,APPLE,EXP,REDACTED_ADDRESS,REDACTED_CITY,TX,00000,0,055,"Automotive Accessories For Automobiles, Buses, Trailers, Trucks,",SW
344867,2004-04-01,9999-99-99,BENTON THOMAS OFFICE PRODUCTS,EXP,REDACTED_ADDRESS,REDACTED_CITY,VA,00000,0,037,"Amusement, Decorations, Entertainment, Gifts, Toys, Etc.",SE
348384,2004-04-01,9999-99-99,CLAYS GARDEN CENTER INC,EXP,REDACTED_ADDRESS,REDACTED_CITY,VA,00000,0,020,"Agricultural Equipment, Implements, And Accessories (See Class",SE
348721,2004-04-01,9999-99-99,COLORID LLC,EXP,REDACTED_ADDRESS,REDACTED_CITY,NC,00000,0,080,"Badges, Awards, Emblems, Name Tags And Plates, Jewelry, Etc.",SE
349635,2004-04-01,9999-99-99,CVR RENTALS INC,EXP,REDACTED_ADDRESS,REDACTED_CITY,VA,00000,0,075,Automotive Shop And Related Equipment And Supplies,SE
351644,2004-04-01,9999-99-99,DOUGLAS EQUIPMENT,EXP,REDACTED_ADDRESS,REDACTED_CITY,WV,00000,0,045,"Appliances And Equipment, Household Type",SE
353416,2004-04-01,9999-99-99,FARMVILLE INSULATION,EXP,REDACTED_ADDRESS,REDACTED_CITY,VA,00000,0,010,"Acoustical Tile, Insulating Materials, And Supplies",SE
353638,2004-04-01,9999-99-99,FIRST SYSTEMS & RESOURCES INC,EXP,REDACTED_ADDRESS,REDACTED_CITY,VA,00000,0,050,Art Equipment And Supplies,SE
353777,2004-04-01,9999-99-99,FOLDER FACTORY INC,EXP,REDACTED_ADDRESS,REDACTED_CITY,VA,00000,0,080,"Badges, Awards, Emblems, Name Tags And Plates, Jewelry, Etc.",SE
353911,2004-04-01,9999-99-99,FRAME WAREHOUSE INC,EXP,REDACTED_ADDRESS,REDACTED_CITY,NC,00000,0,050,Art Equipment And Supplies,SE
356705,2004-04-01,9999-99-99,HODGES BADGE COMPANY INC,EXP,REDACTED_ADDRESS,REDACTED_CITY,RI,00000,0,080,"Badges, Awards, Emblems, Name Tags And Plates, Jewelry, Etc.",NE
356846,2004-04-01,9999-99-99,HOMESTEAD MATERIALS HANDLING CO.,EXP,REDACTED_ADDRESS,REDACTED_CITY,VA,00000,0,060,Automotive And Trailer Equipment And Parts,SE
357553,2004-04-01,9999-99-99,INTER TECHNOLOGIES CORPORATION,EXP,REDACTED_ADDRESS,REDACTED_CITY,VA,00000,0,055,"Automotive Accessories For Automobiles, Buses, Trailers, Trucks,",SE
361234,2004-04-01,9999-99-99,KITCHEN SPECIALTIES,EXP,REDACTED_ADDRESS,REDACTED_CITY,VA,00000,0,045,"Appliances And Equipment, Household Type",SE
362236,2004-04-01,9999-99-99,LEONARD ALUMINUM UTILITY BUILDING INC,EXP,REDACTED_ADDRESS,REDACTED_CITY,VA,00000,0,073,Trailers,SE
363452,2004-04-01,9999-99-99,MAGIC CITY FORD,EXP,REDACTED_ADDRESS,REDACTED_CITY,VA,00000,0,071,"Automobiles, School Buses, Suvs, And Vans (Including Diesel,",SE
363671,2004-04-01,9999-99-99,MARCO MEETINGS INC,EXP,REDACTED_ADDRESS,REDACTED_CITY,PA,00000,0,080,"Badges, Awards, Emblems, Name Tags And Plates, Jewelry, Etc.",NE
366460,2004-04-01,9999-99-99,NADA SCIENTIFIC LTD,EXP,REDACTED_ADDRESS,REDACTED_CITY,NY,00000,0,075,Automotive Shop And Related Equipment And Supplies,NE
369287,2004-04-01,9999-99-99,POWERVAR INC,EXP,REDACTED_ADDRESS,REDACTED_CITY,IL,00000,0,031,"Air Conditioning, Heating, And Ventilating Equipment, Parts And",MW
371537,2004-04-01,9999-99-99,RONALD L BOYD ELECTRICAL CONTRACTOR,EXP,REDACTED_ADDRESS,REDACTED_CITY,VA,00000,0,031,"Air Conditioning, Heating, And Ventilating Equipment, Parts And",SE
374327,2004-04-01,9999-99-99,STATACORP LP,EXP,REDACTED_ADDRESS,REDACTED_CITY,TX,00000,0,080,"Badges, Awards, Emblems, Name Tags And Plates, Jewelry, Etc.",SW
374351,2004-04-01,9999-99-99,STAUNTON WRECKING,EXP,REDACTED_ADDRESS,REDACTED_CITY,VA,00000,0,060,Automotive And Trailer Equipment And Parts,SE
377669,2004-04-01,9999-99-99,VANGUARD IDENTIFICATION SYSTEMS INC,EXP,REDACTED_ADDRESS,REDACTED_CITY,PA,00000,0,080,"Badges, Awards, Emblems, Name Tags And Plates, Jewelry, Etc.",NE
377693,2004-04-01,9999-99-99,VARNEY INC,EXP,REDACTED_ADDRESS,REDACTED_CITY,VA,00000,0,031,"Air Conditioning, Heating, And Ventilating Equipment, Parts And",SE
379062,2004-04-01,9999-99-99,WALGREEN COMPANY,EXP,REDACTED_ADDRESS,REDACTED_CITY,IL,00000,0,052,Art Objects,MW
379063,2004-04-01,9999-99-99,WALGREENS,EXP,REDACTED_ADDRESS,REDACTED_CITY,VA,00000,0,052,Art Objects,SE
379387,2004-04-01,9999-99-99,WAWA INC,EXP,REDACTED_ADDRESS,REDACTED_CITY,PA,00000,0,037,"Amusement, Decorations, Entertainment, Gifts, Toys, Etc.",NE
260987,2003-01-01,9999-99-99,101,REV,REDACTED_ADDRESS,REDACTED_CITY,,00000,0,,,
260988,2003-01-01,9999-99-99,104,REV,REDACTED_ADDRESS,REDACTED_CITY,,00000,0,,,
260989,2003-01-01,9999-99-99,105,REV,REDACTED_ADDRESS,REDACTED_CITY,,00000,0,,,
260990,2003-01-01,9999-99-99,106,REV,REDACTED_ADDRESS,REDACTED_CITY,,00000,0,,,
260991,2003-01-01,9999-99-99,107,REV,REDACTED_ADDRESS,REDACTED_CITY,,00000,0,,,
260992,2003-01-01,9999-99-99,108,REV,REDACTED_ADDRESS,REDACTED_CITY,,00000,0,,,
260993,2003-01-01,9999-99-99,109,REV,REDACTED_ADDRESS,REDACTED_CITY,,00000,0,,,
260994,2003-01-01,9999-99-99,110,REV,REDACTED_ADDRESS,REDACTED_CITY,,00000,0,,,
260995,2003-01-01,9999-99-99,111,REV,REDACTED_ADDRESS,REDACTED_CITY,,00000,0,,,
260996,2003-01-01,9999-99-99,112,REV,REDACTED_ADDRESS,REDACTED_CITY,,00000,0,,,
260997,2003-01-01,9999-99-99,113,REV,REDACTED_ADDRESS,REDACTED_CITY,,00000,0,,,
260998,2003-01-01,9999-99-99,114,REV,REDACTED_ADDRESS,REDACTED_CITY,,00000,0,,,
260999,2003-01-01,9999-99-99,117,REV,REDACTED_ADDRESS,REDACTED_CITY,,00000,0,,,
261000,2003-01-01,9999-99-99,119,REV,REDACTED_ADDRESS,REDACTED_CITY,,00000,0,,,
261001,2003-01-01,9999-99-99,12,REV,REDACTED_ADDRESS,REDACTED_CITY,,00000,0,,,
261002,2003-01-01,9999-99-99,120,REV,REDACTED_ADDRESS,REDACTED_CITY,,00000,0,,,
261003,2003-01-01,9999-99-99,121,REV,REDACTED_ADDRESS,REDACTED_CITY,,00000,0,,,
261004,2003-01-01,9999-99-99,122,REV,REDACTED_ADDRESS,REDACTED_CITY,,00000,0,,,
261005,2003-01-01,9999-99-99,124,REV,REDACTED_ADDRESS,REDACTED_CITY,,00000,0,,,
261006,2003-01-01,9999-99-99,125,REV,REDACTED_ADDRESS,REDACTED_CITY,,00000,0,,,
261007,2003-01-01,9999-99-99,126,REV,REDACTED_ADDRESS,REDACTED_CITY,,00000,0,,,
261008,2003-01-01,9999-99-99,127,REV,REDACTED_ADDRESS,REDACTED_CITY,,00000,0,,,
261009,2003-01-01,9999-99-99,128,REV,REDACTED_ADDRESS,REDACTED_CITY,,00000,0,,,
261010,2003-01-01,9999-99-99,129,REV,REDACTED_ADDRESS,REDACTED_CITY,,00000,0,,,
261011,2003-01-01,9999-99-99,133,REV,REDACTED_ADDRESS,REDACTED_CITY,,00000,0,,,
261012,2003-01-01,9999-99-99,134,REV,REDACTED_ADDRESS,REDACTED_CITY,,00000,0,,,
261013,2003-01-01,9999-99-99,135,REV,REDACTED_ADDRESS,REDACTED_CITY,,00000,0,,,
261014,2003-01-01,9999-99-99,136,REV,REDACTED_ADDRESS,REDACTED_CITY,,00000,0,,,
261015,2003-01-01,9999-99-99,137,REV,REDACTED_ADDRESS,REDACTED_CITY,,00000,0,,,
261016,2003-01-01,9999-99-99,138,REV,REDACTED_ADDRESS,REDACTED_CITY,,00000,0,,,
261017,2003-01-01,9999-99-99,139,REV,REDACTED_ADDRESS,REDACTED_CITY,,00000,0,,,
261018,2003-01-01,9999-99-99,14,REV,REDACTED_ADDRESS,REDACTED_CITY,,00000,0,,,
261019,2003-01-01,9999-99-99,140,REV,REDACTED_ADDRESS,REDACTED_CITY,,00000,0,,,
261020,2003-01-01,9999-99-99,141,REV,REDACTED_ADDRESS,REDACTED_CITY,,00000,0,,,
261021,2003-01-01,9999-99-99,142,REV,REDACTED_ADDRESS,REDACTED_CITY,,00000,0,,,
261022,2003-01-01,9999-99-99,144,REV,REDACTED_ADDRESS,REDACTED_CITY,,00000,0,,,
261023,2003-01-01,9999-99-99,145,REV,REDACTED_ADDRESS,REDACTED_CITY,,00000,0,,,
261024,2003-01-01,9999-99-99,146,REV,REDACTED_ADDRESS,REDACTED_CITY,,00000,0,,,
261025,2003-01-01,9999-99-99,147,REV,REDACTED_ADDRESS,REDACTED_CITY,,00000,0,,,
261026,2003-01-01,9999-99-99,148,REV,REDACTED_ADDRESS,REDACTED_CITY,,00000,0,,,
261027,2003-01-01,9999-99-99,149,REV,REDACTED_ADDRESS,REDACTED_CITY,,00000,0,,,
261028,2003-01-01,9999-99-99,15,REV,REDACTED_ADDRESS,REDACTED_CITY,,00000,0,,,
261029,2003-01-01,9999-99-99,151,REV,REDACTED_ADDRESS,REDACTED_CITY,,00000,0,,,
261030,2003-01-01,9999-99-99,153,REV,REDACTED_ADDRESS,REDACTED_CITY,,00000,0,,,
261031,2003-01-01,9999-99-99,155,REV,REDACTED_ADDRESS,REDACTED_CITY,,00000,0,,,
261032,2003-01-01,9999-99-99,156,REV,REDACTED_ADDRESS,REDACTED_CITY,,00000,0,,,
261033,2003-01-01,9999-99-99,157,REV,REDACTED_ADDRESS,REDACTED_CITY,,00000,0,,,
261034,2003-01-01,9999-99-99,158,REV,REDACTED_ADDRESS,REDACTED_CITY,,00000,0,,,
261035,2003-01-01,9999-99-99,16,REV,REDACTED_ADDRESS,REDACTED_CITY,,00000,0,,,
261036,2003-01-01,9999-99-99,162,REV,REDACTED_ADDRESS,REDACTED_CITY,,00000,0,,,
261037,2003-01-01,9999-99-99,164,REV,REDACTED_ADDRESS,REDACTED_CITY,,00000,0,,,
261038,2003-01-01,9999-99-99,165,REV,REDACTED_ADDRESS,REDACTED_CITY,,00000,0,,,
261039,2003-01-01,9999-99-99,166,REV,REDACTED_ADDRESS,REDACTED_CITY,,00000,0,,,
261040,2003-01-01,9999-99-99,169,REV,REDACTED_ADDRESS,REDACTED_CITY,,00000,0,,,
261041,2003-01-01,9999-99-99,17,REV,REDACTED_ADDRESS,REDACTED_CITY,,00000,0,,,
261042,2003-01-01,9999-99-99,170,REV,REDACTED_ADDRESS,REDACTED_CITY,,00000,0,,,
261043,2003-01-01,9999-99-99,171,REV,REDACTED_ADDRESS,REDACTED_CITY,,00000,0,,,
261044,2003-01-01,9999-99-99,173,REV,REDACTED_ADDRESS,REDACTED_CITY,,00000,0,,,
261045,2003-01-01,9999-99-99,177,REV,REDACTED_ADDRESS,REDACTED_CITY,,00000,0,,,
261046,2003-01-01,9999-99-99,178,REV,REDACTED_ADDRESS,REDACTED_CITY,,00000,0,,,
261047,2003-01-01,9999-99-99,179,REV,REDACTED_ADDRESS,REDACTED_CITY,,00000,0,,,
261048,2003-01-01,9999-99-99,18,REV,REDACTED_ADDRESS,REDACTED_CITY,,00000,0,,,
261049,2003-01-01,9999-99-99,180,REV,REDACTED_ADDRESS,REDACTED_CITY,,00000,0,,,
261050,2003-01-01,9999-99-99,182,REV,REDACTED_ADDRESS,REDACTED_CITY,,00000,0,,,
261051,2003-01-01,9999-99-99,184,REV,REDACTED_ADDRESS,REDACTED_CITY,,00000,0,,,
261052,2003-01-01,9999-99-99,19,REV,REDACTED_ADDRESS,REDACTED_CITY,,00000,0,,,
261053,2003-01-01,9999-99-99,192,REV,REDACTED_ADDRESS,REDACTED_CITY,,00000,0,,,
261054,2003-01-01,9999-99-99,196,REV,REDACTED_ADDRESS,REDACTED_CITY,,00000,0,,,
261055,2003-01-01,9999-99-99,197,REV,REDACTED_ADDRESS,REDACTED_CITY,,00000,0,,,
261056,2003-01-01,9999-99-99,198,REV,REDACTED_ADDRESS,REDACTED_CITY,,00000,0,,,
261057,2003-01-01,9999-99-99,199,REV,REDACTED_ADDRESS,REDACTED_CITY,,00000,0,,,
261058,2003-01-01,9999-99-99,20,REV,REDACTED_ADDRESS,REDACTED_CITY,,00000,0,,,
261059,2003-01-01,9999-99-99,200,REV,REDACTED_ADDRESS,REDACTED_CITY,,00000,0,,,
261060,2003-01-01,9999-99-99,201,REV,REDACTED_ADDRESS,REDACTED_CITY,,00000,0,,,
261061,2003-01-01,9999-99-99,202,REV,REDACTED_ADDRESS,REDACTED_CITY,,00000,0,,,
261062,2003-01-01,9999-99-99,203,REV,REDACTED_ADDRESS,REDACTED_CITY,,00000,0,,,
261063,2003-01-01,9999-99-99,204,REV,REDACTED_ADDRESS,REDACTED_CITY,,00000,0,,,
261064,2003-01-01,9999-99-99,205,REV,REDACTED_ADDRESS,REDACTED_CITY,,00000,0,,,
261065,2003-01-01,9999-99-99,207,REV,REDACTED_ADDRESS,REDACTED_CITY,,00000,0,,,
261066,2003-01-01,9999-99-99,208,REV,REDACTED_ADDRESS,REDACTED_CITY,,00000,0,,,
261067,2003-01-01,9999-99-99,209,REV,REDACTED_ADDRESS,REDACTED_CITY,,00000,0,,,
261068,2003-01-01,9999-99-99,21,REV,REDACTED_ADDRESS,REDACTED_CITY,,00000,0,,,
261069,2003-01-01,9999-99-99,210,REV,REDACTED_ADDRESS,REDACTED_CITY,,00000,0,,,
261070,2003-01-01,9999-99-99,211,REV,REDACTED_ADDRESS,REDACTED_CITY,,00000,0,,,
261071,2003-01-01,9999-99-99,212,REV,REDACTED_ADDRESS,REDACTED_CITY,,00000,0,,,
261072,2003-01-01,9999-99-99,213,REV,REDACTED_ADDRESS,REDACTED_CITY,,00000,0,,,
261073,2003-01-01,9999-99-99,214,REV,REDACTED_ADDRESS,REDACTED_CITY,,00000,0,,,
261074,2003-01-01,9999-99-99,215,REV,REDACTED_ADDRESS,REDACTED_CITY,,00000,0,,,
261075,2003-01-01,9999-99-99,216,REV,REDACTED_ADDRESS,REDACTED_CITY,,00000,0,,,
261076,2003-01-01,9999-99-99,217,REV,REDACTED_ADDRESS,REDACTED_CITY,,00000,0,,,
261077,2003-01-01,9999-99-99,218,REV,REDACTED_ADDRESS,REDACTED_CITY,,00000,0,,,
261078,2003-01-01,9999-99-99,219,REV,REDACTED_ADDRESS,REDACTED_CITY,,00000,0,,,
261079,2003-01-01,9999-99-99,22,REV,REDACTED_ADDRESS,REDACTED_CITY,,00000,0,,,
261080,2003-01-01,9999-99-99,220,REV,REDACTED_ADDRESS,REDACTED_CITY,,00000,0,,,
261081,2003-01-01,9999-99-99,222,REV,REDACTED_ADDRESS,REDACTED_CITY,,00000,0,,,
261082,2003-01-01,9999-99-99,223,REV,REDACTED_ADDRESS,REDACTED_CITY,,00000,0,,,
261083,2003-01-01,9999-99-99,224,REV,REDACTED_ADDRESS,REDACTED_CITY,,00000,0,,,
261084,2003-01-01,9999-99-99,225,REV,REDACTED_ADDRESS,REDACTED_CITY,,00000,0,,,
261085,2003-01-01,9999-99-99,226,REV,REDACTED_ADDRESS,REDACTED_CITY,,00000,0,,,
261086,2003-01-01,9999-99-99,228,REV,REDACTED_ADDRESS,REDACTED_CITY,,00000,0,,,
261087,2003-01-01,9999-99-99,229,REV,REDACTED_ADDRESS,REDACTED_CITY,,00000,0,,,
261088,2003-01-01,9999-99-99,23,REV,REDACTED_ADDRESS,REDACTED_CITY,,00000,0,,,
261089,2003-01-01,9999-99-99,230,REV,REDACTED_ADDRESS,REDACTED_CITY,,00000,0,,,
261090,2003-01-01,9999-99-99,233,REV,REDACTED_ADDRESS,REDACTED_CITY,,00000,0,,,
261091,2003-01-01,9999-99-99,234,REV,REDACTED_ADDRESS,REDACTED_CITY,,00000,0,,,
261092,2003-01-01,9999-99-99,235,REV,REDACTED_ADDRESS,REDACTED_CITY,,00000,0,,,
261093,2003-01-01,9999-99-99,236,REV,REDACTED_ADDRESS,REDACTED_CITY,,00000,0,,,
261094,2003-01-01,9999-99-99,237,REV,REDACTED_ADDRESS,REDACTED_CITY,,00000,0,,,
261095,2003-01-01,9999-99-99,238,REV,REDACTED_ADDRESS,REDACTED_CITY,,00000,0,,,
261096,2003-01-01,9999-99-99,239,REV,REDACTED_ADDRESS,REDACTED_CITY,,00000,0,,,
261097,2003-01-01,9999-99-99,240,REV,REDACTED_ADDRESS,REDACTED_CITY,,00000,0,,,
261098,2003-01-01,9999-99-99,241,REV,REDACTED_ADDRESS,REDACTED_CITY,,00000,0,,,
261099,2003-01-01,9999-99-99,242,REV,REDACTED_ADDRESS,REDACTED_CITY,,00000,0,,,
261100,2003-01-01,9999-99-99,243,REV,REDACTED_ADDRESS,REDACTED_CITY,,00000,0,,,
261101,2003-01-01,9999-99-99,244,REV,REDACTED_ADDRESS,REDACTED_CITY,,00000,0,,,
261102,2003-01-01,9999-99-99,245,REV,REDACTED_ADDRESS,REDACTED_CITY,,00000,0,,,
261103,2003-01-01,9999-99-99,246,REV,REDACTED_ADDRESS,REDACTED_CITY,,00000,0,,,
261104,2003-01-01,9999-99-99,247,REV,REDACTED_ADDRESS,REDACTED_CITY,,00000,0,,,
261105,2003-01-01,9999-99-99,248,REV,REDACTED_ADDRESS,REDACTED_CITY,,00000,0,,,
261106,2003-01-01,9999-99-99,249,REV,REDACTED_ADDRESS,REDACTED_CITY,,00000,0,,,
261107,2003-01-01,9999-99-99,25,REV,REDACTED_ADDRESS,REDACTED_CITY,,00000,0,,,
261108,2003-01-01,9999-99-99,250,REV,REDACTED_ADDRESS,REDACTED_CITY,,00000,0,,,
261109,2003-01-01,9999-99-99,251,REV,REDACTED_ADDRESS,REDACTED_CITY,,00000,0,,,
261110,2003-01-01,9999-99-99,252,REV,REDACTED_ADDRESS,REDACTED_CITY,,00000,0,,,
261111,2003-01-01,9999-99-99,253,REV,REDACTED_ADDRESS,REDACTED_CITY,,00000,0,,,
261112,2003-01-01,9999-99-99,254,REV,REDACTED_ADDRESS,REDACTED_CITY,,00000,0,,,
261113,2003-01-01,9999-99-99,255,REV,REDACTED_ADDRESS,REDACTED_CITY,,00000,0,,,
261114,2003-01-01,9999-99-99,256,REV,REDACTED_ADDRESS,REDACTED_CITY,,00000,0,,,
261115,2003-01-01,9999-99-99,257,REV,REDACTED_ADDRESS,REDACTED_CITY,,00000,0,,,
261116,2003-01-01,9999-99-99,258,REV,REDACTED_ADDRESS,REDACTED_CITY,,00000,0,,,
261117,2003-01-01,9999-99-99,259,REV,REDACTED_ADDRESS,REDACTED_CITY,,00000,0,,,
261118,2003-01-01,9999-99-99,26,REV,REDACTED_ADDRESS,REDACTED_CITY,,00000,0,,,
261119,2003-01-01,9999-99-99,260,REV,REDACTED_ADDRESS,REDACTED_CITY,,00000,0,,,
261120,2003-01-01,9999-99-99,261,REV,REDACTED_ADDRESS,REDACTED_CITY,,00000,0,,,
261121,2003-01-01,9999-99-99,262,REV,REDACTED_ADDRESS,REDACTED_CITY,,00000,0,,,
261122,2003-01-01,9999-99-99,263,REV,REDACTED_ADDRESS,REDACTED_CITY,,00000,0,,,
261123,2003-01-01,9999-99-99,264,REV,REDACTED_ADDRESS,REDACTED_CITY,,00000,0,,,
261124,2003-01-01,9999-99-99,267,REV,REDACTED_ADDRESS,REDACTED_CITY,,00000,0,,,
261125,2003-01-01,9999-99-99,268,REV,REDACTED_ADDRESS,REDACTED_CITY,,00000,0,,,
261126,2003-01-01,9999-99-99,269,REV,REDACTED_ADDRESS,REDACTED_CITY,,00000,0,,,
261127,2003-01-01,9999-99-99,27,REV,REDACTED_ADDRESS,REDACTED_CITY,,00000,0,,,
261128,2003-01-01,9999-99-99,270,REV,REDACTED_ADDRESS,REDACTED_CITY,,00000,0,,,
261129,2003-01-01,9999-99-99,271,REV,REDACTED_ADDRESS,REDACTED_CITY,,00000,0,,,
261130,2003-01-01,9999-99-99,272,REV,REDACTED_ADDRESS,REDACTED_CITY,,00000,0,,,
261131,2003-01-01,9999-99-99,273,REV,REDACTED_ADDRESS,REDACTED_CITY,,00000,0,,,
261132,2003-01-01,9999-99-99,274,REV,REDACTED_ADDRESS,REDACTED_CITY,,00000,0,,,
261133,2003-01-01,9999-99-99,276,REV,REDACTED_ADDRESS,REDACTED_CITY,,00000,0,,,
261134,2003-01-01,9999-99-99,277,REV,REDACTED_ADDRESS,REDACTED_CITY,,00000,0,,,
261135,2003-01-01,9999-99-99,279,REV,REDACTED_ADDRESS,REDACTED_CITY,,00000,0,,,
261136,2003-01-01,9999-99-99,28,REV,REDACTED_ADDRESS,REDACTED_CITY,,00000,0,,,
261137,2003-01-01,9999-99-99,280,REV,REDACTED_ADDRESS,REDACTED_CITY,,00000,0,,,
261138,2003-01-01,9999-99-99,281,REV,REDACTED_ADDRESS,REDACTED_CITY,,00000,0,,,
261139,2003-01-01,9999-99-99,282,REV,REDACTED_ADDRESS,REDACTED_CITY,,00000,0,,,
261140,2003-01-01,9999-99-99,286,REV,REDACTED_ADDRESS,REDACTED_CITY,,00000,0,,,
261141,2003-01-01,9999-99-99,29,REV,REDACTED_ADDRESS,REDACTED_CITY,,00000,0,,,
261142,2003-01-01,9999-99-99,292,REV,REDACTED_ADDRESS,REDACTED_CITY,,00000,0,,,
261143,2003-01-01,9999-99-99,30,REV,REDACTED_ADDRESS,REDACTED_CITY,,00000,0,,,
261144,2003-01-01,9999-99-99,31,REV,REDACTED_ADDRESS,REDACTED_CITY,,00000,0,,,
261145,2003-01-01,9999-99-99,32,REV,REDACTED_ADDRESS,REDACTED_CITY,,00000,0,,,
261146,2003-01-01,9999-99-99,33,REV,REDACTED_ADDRESS,REDACTED_CITY,,00000,0,,,
261147,2003-01-01,9999-99-99,34,REV,REDACTED_ADDRESS,REDACTED_CITY,,00000,0,,,
261148,2003-01-01,9999-99-99,35,REV,REDACTED_ADDRESS,REDACTED_CITY,,00000,0,,,
261149,2003-01-01,9999-99-99,36,REV,REDACTED_ADDRESS,REDACTED_CITY,,00000,0,,,
261150,2003-01-01,9999-99-99,37,REV,REDACTED_ADDRESS,REDACTED_CITY,,00000,0,,,
261151,2003-01-01,9999-99-99,38,REV,REDACTED_ADDRESS,REDACTED_CITY,,00000,0,,,
261152,2003-01-01,9999-99-99,39,REV,REDACTED_ADDRESS,REDACTED_CITY,,00000,0,,,
261153,2003-01-01,9999-99-99,40,REV,REDACTED_ADDRESS,REDACTED_CITY,,00000,0,,,
261154,2003-01-01,9999-99-99,41,REV,REDACTED_ADDRESS,REDACTED_CITY,,00000,0,,,
261155,2003-01-01,9999-99-99,43,REV,REDACTED_ADDRESS,REDACTED_CITY,,00000,0,,,
261156,2003-01-01,9999-99-99,44,REV,REDACTED_ADDRESS,REDACTED_CITY,,00000,0,,,
261157,2003-01-01,9999-99-99,45,REV,REDACTED_ADDRESS,REDACTED_CITY,,00000,0,,,
261158,2003-01-01,9999-99-99,46,REV,REDACTED_ADDRESS,REDACTED_CITY,,00000,0,,,
261159,2003-01-01,9999-99-99,47,REV,REDACTED_ADDRESS,REDACTED_CITY,,00000,0,,,
261160,2003-01-01,9999-99-99,49,REV,REDACTED_ADDRESS,REDACTED_CITY,,00000,0,,,
261161,2003-01-01,9999-99-99,5,REV,REDACTED_ADDRESS,REDACTED_CITY,,00000,0,,,
261162,2003-01-01,9999-99-99,50,REV,REDACTED_ADDRESS,REDACTED_CITY,,00000,0,,,
261163,2003-01-01,9999-99-99,51,REV,REDACTED_ADDRESS,REDACTED_CITY,,00000,0,,,
261164,2003-01-01,9999-99-99,52,REV,REDACTED_ADDRESS,REDACTED_CITY,,00000,0,,,
261165,2003-01-01,9999-99-99,53,REV,REDACTED_ADDRESS,REDACTED_CITY,,00000,0,,,
261166,2003-01-01,9999-99-99,57,REV,REDACTED_ADDRESS,REDACTED_CITY,,00000,0,,,
261167,2003-01-01,9999-99-99,59,REV,REDACTED_ADDRESS,REDACTED_CITY,,00000,0,,,
261168,2003-01-01,9999-99-99,6,REV,REDACTED_ADDRESS,REDACTED_CITY,,00000,0,,,
261169,2003-01-01,9999-99-99,60,REV,REDACTED_ADDRESS,REDACTED_CITY,,00000,0,,,
261170,2003-01-01,9999-99-99,61,REV,REDACTED_ADDRESS,REDACTED_CITY,,00000,0,,,
261171,2003-01-01,9999-99-99,62,REV,REDACTED_ADDRESS,REDACTED_CITY,,00000,0,,,
261172,2003-01-01,9999-99-99,63,REV,REDACTED_ADDRESS,REDACTED_CITY,,00000,0,,,
261173,2003-01-01,9999-99-99,64,REV,REDACTED_ADDRESS,REDACTED_CITY,,00000,0,,,
261174,2003-01-01,9999-99-99,65,REV,REDACTED_ADDRESS,REDACTED_CITY,,00000,0,,,
261175,2003-01-01,9999-99-99,66,REV,REDACTED_ADDRESS,REDACTED_CITY,,00000,0,,,
261176,2003-01-01,9999-99-99,67,REV,REDACTED_ADDRESS,REDACTED_CITY,,00000,0,,,
261177,2003-01-01,9999-99-99,68,REV,REDACTED_ADDRESS,REDACTED_CITY,,00000,0,,,
261178,2003-01-01,9999-99-99,69,REV,REDACTED_ADDRESS,REDACTED_CITY,,00000,0,,,
261179,2003-01-01,9999-99-99,70,REV,REDACTED_ADDRESS,REDACTED_CITY,,00000,0,,,
261180,2003-01-01,9999-99-99,71,REV,REDACTED_ADDRESS,REDACTED_CITY,,00000,0,,,
261181,2003-01-01,9999-99-99,72,REV,REDACTED_ADDRESS,REDACTED_CITY,,00000,0,,,
261182,2003-01-01,9999-99-99,74,REV,REDACTED_ADDRESS,REDACTED_CITY,,00000,0,,,
261183,2003-01-01,9999-99-99,75,REV,REDACTED_ADDRESS,REDACTED_CITY,,00000,0,,,
261184,2003-01-01,9999-99-99,76,REV,REDACTED_ADDRESS,REDACTED_CITY,,00000,0,,,
261185,2003-01-01,9999-99-99,77,REV,REDACTED_ADDRESS,REDACTED_CITY,,00000,0,,,
261186,2003-01-01,9999-99-99,78,REV,REDACTED_ADDRESS,REDACTED_CITY,,00000,0,,,
261187,2003-01-01,9999-99-99,79,REV,REDACTED_ADDRESS,REDACTED_CITY,,00000,0,,,
261188,2003-01-01,9999-99-99,80,REV,REDACTED_ADDRESS,REDACTED_CITY,,00000,0,,,
261189,2003-01-01,9999-99-99,81,REV,REDACTED_ADDRESS,REDACTED_CITY,,00000,0,,,
261190,2003-01-01,9999-99-99,82,REV,REDACTED_ADDRESS,REDACTED_CITY,,00000,0,,,
261191,2003-01-01,9999-99-99,83,REV,REDACTED_ADDRESS,REDACTED_CITY,,00000,0,,,
261192,2003-01-01,9999-99-99,84,REV,REDACTED_ADDRESS,REDACTED_CITY,,00000,0,,,
261193,2003-01-01,9999-99-99,85,REV,REDACTED_ADDRESS,REDACTED_CITY,,00000,0,,,
261194,2003-01-01,9999-99-99,86,REV,REDACTED_ADDRESS,REDACTED_CITY,,00000,0,,,
261195,2003-01-01,9999-99-99,87,REV,REDACTED_ADDRESS,REDACTED_CITY,,00000,0,,,
261196,2003-01-01,9999-99-99,88,REV,REDACTED_ADDRESS,REDACTED_CITY,,00000,0,,,
261197,2003-01-01,9999-99-99,89,REV,REDACTED_ADDRESS,REDACTED_CITY,,00000,0,,,
261198,2003-01-01,9999-99-99,90,REV,REDACTED_ADDRESS,REDACTED_CITY,,00000,0,,,
261199,2003-01-01,9999-99-99,91,REV,REDACTED_ADDRESS,REDACTED_CITY,,00000,0,,,
261200,2003-01-01,9999-99-99,93,REV,REDACTED_ADDRESS,REDACTED_CITY,,00000,0,,,
261201,2003-01-01,9999-99-99,94,REV,REDACTED_ADDRESS,REDACTED_CITY,,00000,0,,,
261202,2003-01-01,9999-99-99,95,REV,REDACTED_ADDRESS,REDACTED_CITY,,00000,0,,,
261203,2003-01-01,9999-99-99,96,REV,REDACTED_ADDRESS,REDACTED_CITY,,00000,0,,,
261204,2003-01-01,9999-99-99,97,REV,REDACTED_ADDRESS,REDACTED_CITY,,00000,0,,,
261205,2003-01-01,9999-99-99,98,REV,REDACTED_ADDRESS,REDACTED_CITY,,00000,0,,,
261206,2003-01-01,9999-99-99,99,REV,REDACTED_ADDRESS,REDACTED_CITY,,00000,0,,,
380875,2004-01-01,9999-99-99,10,REV,REDACTED_ADDRESS,REDACTED_CITY,,00000,0,,,
380876,2004-01-01,9999-99-99,131,REV,REDACTED_ADDRESS,REDACTED_CITY,,00000,0,,,
380877,2004-01-01,9999-99-99,160,REV,REDACTED_ADDRESS,REDACTED_CITY,,00000,0,,,
380878,2004-01-01,9999-99-99,172,REV,REDACTED_ADDRESS,REDACTED_CITY,,00000,0,,,
380879,2004-01-01,9999-99-99,181,REV,REDACTED_ADDRESS,REDACTED_CITY,,00000,0,,,
380880,2004-01-01,9999-99-99,185,REV,REDACTED_ADDRESS,REDACTED_CITY,,00000,0,,,
380881,2004-01-01,9999-99-99,186,REV,REDACTED_ADDRESS,REDACTED_CITY,,00000,0,,,
380882,2004-01-01,9999-99-99,190,REV,REDACTED_ADDRESS,REDACTED_CITY,,00000,0,,,
380883,2004-01-01,9999-99-99,191,REV,REDACTED_ADDRESS,REDACTED_CITY,,00000,0,,,
380884,2004-01-01,9999-99-99,221,REV,REDACTED_ADDRESS,REDACTED_CITY,,00000,0,,,
380885,2004-01-01,9999-99-99,42,REV,REDACTED_ADDRESS,REDACTED_CITY,,00000,0,,,
380886,2004-01-01,9999-99-99,48,REV,REDACTED_ADDRESS,REDACTED_CITY,,00000,0,,,
